ensembl	gene	lfc	expr	t	p	q	b	seqid
ENSG00000129824	RPS4Y1	9.37629697369584	9.834302512	128.5956882	0	9.1053E-306	670.5937197	Y
ENSG00000176728	TTTY14	6.844419674	4.610936085	113.7722296	5.7725E-291	8.7289E-287	640.4958644	Y
ENSG00000233864	TTTY15	7.170802195	4.883008938	109.0557448	2.5021E-284	2.5224E-280	626.4501806	Y
ENSG00000099725	PRKY	6.974590269	4.681671856	107.0634184	1.9201E-281	1.1614E-277	620.5228399	Y
ENSG00000154620	TMSB4Y	5.980754482	3.929264998	107.710398	9.4604E-281	4.7685E-277	619.3566691	Y
ENSG00000067048	DDX3Y	9.422852694	8.900075373	108.0743704	6.5037E-283	4.9173E-279	618.3906493	Y
ENSG00000131002	TXLNG2P	9.154448065	8.000990654	97.46126422	8.5546E-267	3.696E-263	586.4639809	Y
ENSG00000260197	RP11-424G14.1	7.529666747	5.082986406	96.42412606	3.925E-265	1.4838E-261	585.7415393	Y
ENSG00000067646	ZFY	8.719868642	6.308299273	94.18397443	1.7374E-261	5.8382E-258	578.1448496	Y
ENSG00000183878	UTY	8.945428628	6.949384307	93.30630555	4.8999E-260	1.4819E-256	574.217141	Y
ENSG00000012817	KDM5D	9.362380646	8.625798519	90.95673891	4.3171E-256	1.1869E-252	563.1141301	Y
ENSG00000114374	USP9Y	8.95878652	7.640730832	87.75961684	1.4307E-250	3.6058E-247	552.5207942	Y
ENSG00000198692	EIF1AY	8.462552227	6.692691651	78.95973956	2.2202E-234	5.1649E-231	518.6840388	Y
ENSG00000231535	LINC00278	4.598021326	2.961166428	80.83554675	1.3048E-226	2.8187E-223	501.3890676	Y
ENSG00000229236	TTTY10	4.635170783	3.001049401	79.2039923	3.8473E-224	7.757E-221	496.1659295	Y
ENSG00000165246	NLGN4Y	6.958317575	5.107677231	72.25121437	6.3838E-221	1.1357E-217	489.7354502	Y
ENSG00000229807	XIST	-9.473428822	7.501586517	-72.78365282	4.9865E-222	9.4253E-219	488.5930317	X
ENSG00000233070	ZFY-AS1	4.684903594	2.984096394	76.70186651	3.6223E-216	6.086E-213	477.5630136	Y
ENSG00000241859	KALP	3.024089729	2.023213671	48.49313219	4.3357E-162	6.9012E-159	359.0728988	Y
ENSG00000092377	TBL1Y	5.292316581	3.283314789	50.84479598	8.0644E-154	1.2195E-150	338.084765	Y
ENSG00000206159	GYG2P1	4.897184472	3.634351279	36.89446452	5.5223E-124	7.9529E-121	272.0182717	Y
ENSG00000215580	BCORP1	3.427340948	2.242424111	34.90737345	1.4493E-114	1.9923E-111	250.634434	Y
ENSG00000184895	SRY	3.058625978	1.932991745	28.26567693	1.99916E-89	2.62873E-86	193.190558	Y
ENSG00000237659	RNASEH2CP1	2.5771107	1.672241944	27.15818301	1.18275E-87	1.49041E-84	189.2574711	Y
ENSG00000147050	KDM6A	-0.595731543	10.64014116	-24.2189368	1.91414E-78	2.31557E-75	167.7065863	X
ENSG00000227289	HSFY3P	2.264163986	1.476921136	24.1450562	7.32874E-76	8.52474E-73	162.2731266	Y
ENSG00000169953	HSFY2	1.930988949	1.253973792	23.1306757	4.21796E-73	4.72459E-70	155.9508918	Y
ENSG00000099715	PCDH11Y	2.003817023	1.507965107	17.76715481	4.85613E-51	4.73755E-48	105.3756542	Y
ENSG00000165566	AMER2	3.424507049	4.191698872	17.23508963	2.42972E-49	2.29632E-46	101.5066838	13
ENSG00000224060	ARSEP1	1.747383931	1.131178521	15.47235331	4.93303E-41	4.38793E-38	82.49108775	Y
ENSG00000185053	SGCZ	2.284073392	2.730135653	14.85497442	1.63015E-39	1.40859E-36	78.99198077	8
ENSG00000163618	CADPS	2.127144574	4.745143222	12.41095062	7.87525E-30	5.80905E-27	56.95128534	3
ENSG00000101846	STS	-0.58711933	11.01484948	-11.00289155	1.44881E-24	9.73695E-22	45.00391119	X
ENSG00000115041	KCNIP3	0.806787589	9.004275572	10.53967536	6.70297E-23	4.22329E-20	41.23082289	2
ENSG00000198963	RORB	1.340220584	6.732030315	10.39304696	2.21641E-22	1.36798E-19	40.03212944	9
ENSG00000184368	MAP7D2	-0.860753387	5.128368088	-10.36312826	2.82588E-22	1.68138E-19	39.77187991	X
ENSG00000225490	RP4-610C12.3	1.380282196	3.052531318	10.36271466	2.83538E-22	1.68138E-19	39.651454	20
ENSG00000173432	SAA1	-2.668261176	11.41365018	-10.2605013	6.48351E-22	3.77078E-19	38.97338867	11
ENSG00000237949	LINC00844	1.611995269	4.484032132	9.997746854	5.32419E-21	2.98184E-18	36.83121712	10
ENSG00000234918	RP11-20F24.2	-1.478249003	1.666158055	-10.01682034	4.5742E-21	2.61014E-18	36.82492392	10
ENSG00000134339	SAA2	-2.712203431	9.32206707	-9.980737979	6.09532E-21	3.35165E-18	36.77390058	11
ENSG00000160111	CPAMD8	1.098644822	10.11754518	9.903872911	1.1214E-20	5.94992E-18	36.17483829	19
ENSG00000240800	ATP8A2P1	-1.799529485	2.917470132	-9.913005858	1.04319E-20	5.63377E-18	36.12543557	10
ENSG00000224525	RP11-561I11.3	-2.106229051	4.136713365	-9.777301091	3.04243E-20	1.55953E-17	35.12891496	1
ENSG00000255346	NOX5	0.962613933	5.523879145	9.741401302	4.03259E-20	2.03263E-17	34.87390841	15
ENSG00000258484	SPESP1	0.793937408	6.639476403	9.640913013	8.84546E-20	4.24624E-17	34.12588217	15
ENSG00000235687	LINC00993	-1.896313993	3.457165284	-9.594673831	1.26766E-19	5.99031E-17	33.68880489	10
ENSG00000148513	ANKRD30A	-1.881082837	3.6798828	-9.48949027	2.86337E-19	1.33226E-16	32.89450627	10
ENSG00000056998	GYG2	-1.250855844	12.38841783	-9.359957378	7.75357E-19	3.5529E-16	31.98000386	X
ENSG00000200336	RNA5SP333	-2.165883431	3.080156752	-9.279617931	1.44732E-18	6.53301E-16	31.26633124	11
ENSG00000272769	RP11-725P16.2	1.185214179	3.259644259	9.255182636	1.72518E-18	7.67276E-16	31.06104416	2
ENSG00000115255	REEP6	-1.047679111	8.302652545	-9.178031964	3.09802E-18	1.33848E-15	30.64366276	19
ENSG00000259495	RP11-210M15.2	1.195664618	1.554531244	9.214380888	2.47591E-18	1.0852E-15	30.51293609	15
ENSG00000148965	SAA4	-2.11556997	3.739922904	-9.162638388	3.48064E-18	1.48261E-15	30.43569751	11
ENSG00000141449	GREB1L	1.242307591	8.329397029	9.086831336	6.1654E-18	2.55425E-15	29.96360793	18
ENSG00000080007	DDX43	1.096843177	5.963076747	9.017021151	1.04112E-17	4.25494E-15	29.40987228	6
ENSG00000165966	PDZRN4	1.537854115	7.376755288	8.801252247	5.17444E-17	2.08654E-14	27.8591291	12
ENSG00000130997	POLN	-0.618361721	7.120382562	-8.771613964	6.43707E-17	2.52826E-14	27.65138522	4
ENSG00000162391	FAM151A	-1.225515719	2.414062503	-8.735598879	8.3877E-17	3.25217E-14	27.20102173	1
ENSG00000198759	EGFL6	-2.430647278	8.569656132	-8.541428098	3.45297E-16	1.32188E-13	25.99716383	X
ENSG00000103449	SALL1	-1.13224907	5.524264373	-8.43533366	7.41668E-16	2.76917E-13	25.21343481	16
ENSG00000197891	SLC22A12	-1.735795058	3.059622322	-8.439285073	7.20929E-16	2.72538E-13	25.13546207	11
ENSG00000205611	RP4-610C12.4	1.032161342	1.861692874	8.39131965	1.01661E-15	3.74944E-13	24.5901402	20
ENSG00000216921	AC131097.4	1.447774688	3.430099946	8.191501647	4.19683E-15	1.52921E-12	23.37193686	2
ENSG00000119283	TRIM67	-1.678800743	3.35019609	-8.164050341	5.09033E-15	1.81114E-12	23.2338175	1
ENSG00000250538	RP11-92A5.2	1.408789839	2.417562954	8.182103787	4.48373E-15	1.6143E-12	23.19020429	4
ENSG00000197320	AC060834.2	1.437853028	4.079902738	8.141736612	5.95312E-15	2.09349E-12	23.07329444	7
ENSG00000149968	MMP3	2.876538664	8.476517188	8.108696294	7.50242E-15	2.57836E-12	22.96679877	11
ENSG00000230663	FAM224B	0.717818908	0.556826902	8.110799349	7.39291E-15	2.56993E-12	22.49009231	Y
ENSG00000273203	AC006946.16	0.701450161	5.649500853	8.035744056	1.24748E-14	4.10083E-12	22.43011512	22
ENSG00000161682	FAM171A2	-0.706917675	5.642852893	-7.927314222	2.64098E-14	8.31991E-12	21.70413772	17
ENSG00000082482	KCNK2	1.013906859	6.979504678	7.913082228	2.9127E-14	9.08131E-12	21.63186245	1
ENSG00000130876	SLC7A10	-1.2298186	9.717885027	-7.864217033	4.07309E-14	1.24427E-11	21.31250706	19
ENSG00000179542	SLITRK4	0.791340677	9.57104056	7.856197091	4.30295E-14	1.30134E-11	21.26480428	X
ENSG00000203685	C1orf95	0.679725257	9.738693777	7.839583144	4.82064E-14	1.44347E-11	21.15139518	1
ENSG00000172379	ARNT2	0.890687249	8.188464509	7.821237539	5.46389E-14	1.62004E-11	21.03442179	15
ENSG00000101098	RIMS4	0.897298266	6.508587514	7.808482876	5.96032E-14	1.73325E-11	20.91827986	20
ENSG00000161896	IP6K3	1.321583378	5.825329684	7.686668714	1.3609E-13	3.8828E-11	20.08143885	6
ENSG00000182230	FAM153B	1.108258165	5.089911823	7.660476002	1.62335E-13	4.58832E-11	19.88542593	5
ENSG00000133105	RXFP2	1.479521432	2.3287661	7.500155724	4.73365E-13	1.32555E-10	18.59032175	13
ENSG00000188153	COL4A5	0.781823387	9.842756063	7.428627855	7.59152E-13	2.08718E-10	18.44887606	X
ENSG00000234056	AMER2-AS1	0.897496564	0.702085815	7.505251689	5.21806E-13	1.4478E-10	18.37592301	13
ENSG00000178826	TMEM139	-0.968063703	6.022028781	-7.353609802	1.24157E-12	3.38278E-10	17.94040201	7
ENSG00000272079	LA16c-380H5.5	-1.14718776	4.819325616	-7.333658225	1.41427E-12	3.81891E-10	17.77447701	16
ENSG00000135324	MRAP2	0.873952534	5.751185403	7.224775776	2.86591E-12	7.53684E-10	17.09885577	6
ENSG00000259172	RP11-299G20.2	0.637138877	7.474810747	7.178272554	3.86599E-12	9.99308E-10	16.8554765	15
ENSG00000203857	HSD3B1	-0.887232926	0.81161816	-7.245094248	2.51347E-12	6.66796E-10	16.81013735	1
ENSG00000226872	AC002472.11	-0.940126614	1.7726218	-7.14844632	4.68079E-12	1.19967E-09	16.35672673	22
ENSG00000140479	PCSK6	0.652349134	8.382689364	7.045149945	9.03731E-12	2.24029E-09	16.03532082	15
ENSG00000147889	CDKN2A	-0.75865638	5.23392907	-6.980878544	1.35608E-11	3.30742E-09	15.57131022	9
ENSG00000203907	OOEP	0.85529264	1.687489295	7.025351894	1.02437E-11	2.51869E-09	15.49053807	6
ENSG00000170891	CYTL1	0.794117234	6.968245319	6.824974094	3.58827E-11	8.47812E-09	14.66524537	4
ENSG00000186458	DEFB132	-1.858490667	4.971079066	-6.81916516	3.73262E-11	8.75082E-09	14.58127457	20
ENSG00000099960	SLC7A4	-1.145856271	6.271934082	-6.800342572	4.17838E-11	9.57324E-09	14.50911637	22
ENSG00000138400	MDH1B	0.711883254	4.524098146	6.81277722	3.86945E-11	9.00183E-09	14.50294968	2
ENSG00000159307	SCUBE1	-1.311799842	7.884399447	-6.790320505	4.44489E-11	1.01073E-08	14.47622695	22
ENSG00000231840	AC073342.12	-0.903722977	3.91352436	-6.809045158	3.95973E-11	9.14154E-09	14.46760997	7
ENSG00000169218	RSPO1	1.545425123	5.530412029	6.73864886	6.10726E-11	1.37837E-08	14.08895933	1
ENSG00000049319	SRD5A2	1.092527285	2.302445565	6.715316072	7.04528E-11	1.5783E-08	13.68542526	2
ENSG00000185960	SHOX	0.95148006	6.607466251	6.658809824	9.94279E-11	2.21103E-08	13.65861765	X
ENSG00000267714	CTD-2540B15.6	-0.975676222	1.86433499	-6.650599647	1.04512E-10	2.30713E-08	13.32476279	19
ENSG00000255282	WTAPP1	1.376368691	3.537452764	6.493275514	2.6936E-10	5.81874E-08	12.52313053	11
ENSG00000234892	Z82214.2	-1.160598669	2.511060954	-6.448556225	3.51441E-10	7.43261E-08	12.22871973	22
ENSG00000140968	IRF8	-0.625353026	10.29127831	-6.356560594	6.04778E-10	1.22669E-07	11.91519947	16
ENSG00000183463	URAD	-1.34686223	1.972627972	-6.404279925	4.56702E-10	9.39595E-08	11.91158405	13
ENSG00000236313	VN1R53P	-0.675897489	0.768339954	-6.406513341	4.50721E-10	9.33641E-08	11.69109448	10
ENSG00000270919	RP11-379K22.3	0.800615583	2.483537665	6.355538787	6.08415E-10	1.22669E-07	11.63642675	15
ENSG00000185149	NPY2R	1.409151218	4.054040521	6.248916326	1.13283E-09	2.21034E-07	11.15892845	4
ENSG00000229414	KCNQ1-AS1	-0.918951905	2.284045249	-6.263714514	1.03969E-09	2.04178E-07	11.14174249	11
ENSG00000206187	RP11-1084I9.1	-0.872538699	1.553933972	-6.246164422	1.15103E-09	2.23145E-07	10.92930192	15
ENSG00000260765	CES1P2	-0.847378687	6.072414178	-6.180984473	1.67627E-09	3.14879E-07	10.90236696	16
ENSG00000211448	DIO2	0.793501971	7.682914032	6.160435998	1.88599E-09	3.48392E-07	10.82006906	14
ENSG00000228906	RP13-216E22.4	-0.63700477	3.622086014	-6.176640074	1.71862E-09	3.2084E-07	10.76598747	X
ENSG00000188525	AC010969.1	-1.207334115	2.419036319	-6.160135933	1.88924E-09	3.48392E-07	10.56636035	2
ENSG00000145242	EPHA5	0.997918218	3.186194596	6.132059746	2.21831E-09	4.04148E-07	10.45052121	4
ENSG00000197565	COL4A6	0.760104358	9.100140589	6.072084173	3.12011E-09	5.51822E-07	10.33692473	X
ENSG00000119915	ELOVL3	-0.745886866	5.927331008	-6.075728609	3.05633E-09	5.43721E-07	10.31333697	10
ENSG00000126545	CSN1S1	-1.752059642	6.284914412	-6.044692226	3.64299E-09	6.36849E-07	10.15660163	4
ENSG00000198848	CES1	-0.802302161	11.36416963	-6.042706622	3.68406E-09	6.40327E-07	10.14555435	16
ENSG00000101049	SGK2	-0.669438969	8.325682715	-6.023929345	4.09548E-09	7.03747E-07	10.07515271	20
ENSG00000213937	CLDN9	-0.716719782	4.036875842	-6.0364603	3.81622E-09	6.59508E-07	10.01726541	16
ENSG00000145244	CORIN	0.832804065	5.616946184	6.020562019	4.17386E-09	7.13165E-07	9.984926328	4
ENSG00000253967	RP11-333A23.4	0.881491509	1.408697349	6.091133191	2.80052E-09	5.04143E-07	9.959117922	8
ENSG00000130045	NXNL2	0.940108454	3.212814923	5.988445764	4.99905E-09	8.49362E-07	9.66395058	9
ENSG00000119147	C2orf40	0.664383156	9.674916043	5.928539771	6.98495E-09	1.17359E-06	9.547155016	2
ENSG00000138650	PCDH10	1.046393063	4.277340985	5.950897582	6.16704E-09	1.04195E-06	9.534826628	4
ENSG00000113389	NPR3	-0.832959843	7.445412119	-5.899763252	8.19491E-09	1.35431E-06	9.392890273	5
ENSG00000261600	RP11-575H3.1	-0.819748377	3.044119222	-5.895359153	8.39729E-09	1.38021E-06	9.184551014	2
ENSG00000225877	AC004603.4	-0.787507154	1.779631097	-5.893417589	8.48806E-09	1.38759E-06	9.016965252	19
ENSG00000149256	TENM4	-0.673778029	8.443645624	-5.805003869	1.38086E-08	2.15265E-06	8.895031731	11
ENSG00000102230	PCYT1B	1.058634612	3.659519607	5.830810759	1.19872E-08	1.88818E-06	8.847965748	X
ENSG00000146013	GFRA3	1.034489446	5.649279637	5.79028037	1.49659E-08	2.30925E-06	8.743888095	5
ENSG00000225383	SFTA1P	-0.98193994	4.40993288	-5.793372785	1.47152E-08	2.28221E-06	8.726601758	10
ENSG00000108018	SORCS1	0.907341586	6.20787054	5.776138606	1.61662E-08	2.46926E-06	8.691300378	10
ENSG00000151136	BTBD11	0.676647139	5.618955152	5.76283133	1.73811E-08	2.62828E-06	8.602314918	12
ENSG00000165449	SLC16A9	0.7039289	6.626200768	5.746592871	1.89846E-08	2.84234E-06	8.552060059	10
ENSG00000172482	AGXT	-0.941258908	3.219407005	-5.722417901	2.16422E-08	3.1928E-06	8.277893827	2
ENSG00000211895	IGHA1	-1.028625087	8.909162066	-5.677366723	2.7595E-08	3.97408E-06	8.219010662	14
ENSG00000137675	MMP27	0.929562306	5.906138412	5.665780786	2.93673E-08	4.20927E-06	8.102264096	11
ENSG00000180871	CXCR2	-0.704289813	5.536973645	-5.643457674	3.31001E-08	4.67778E-06	7.98749319	2
ENSG00000108813	DLX4	-0.751091884	3.716027088	-5.623859673	3.6755E-08	5.17014E-06	7.797804525	17
ENSG00000132139	GAS2L2	-1.012562355	4.979993412	-5.60649783	4.03189E-08	5.56788E-06	7.773761909	17
ENSG00000204677	FAM153C	0.823557919	3.752230529	5.611266253	3.93079E-08	5.47829E-06	7.708826256	5
ENSG00000171819	ANGPTL7	1.330163707	7.623650872	5.562146148	5.10197E-08	6.67961E-06	7.613862189	1
ENSG00000144908	ALDH1L1	-0.771858125	11.10617235	-5.56329717	5.07099E-08	6.66791E-06	7.605406523	3
ENSG00000235890	TSPEAR-AS1	-0.76795818	4.301197075	-5.576010524	4.74078E-08	6.37224E-06	7.585769367	21
ENSG00000182912	C21orf90	-0.764614097	4.401939008	-5.57357052	4.80249E-08	6.42662E-06	7.578810527	21
ENSG00000120251	GRIA2	1.06851728	4.217147295	5.579627126	4.65073E-08	6.27911E-06	7.571118081	4
ENSG00000254636	ARMS2	-0.868040256	2.391095694	-5.598155073	4.2149E-08	5.76793E-06	7.55030387	10
ENSG00000145824	CXCL14	0.690081256	13.92003786	5.511237357	6.67251E-08	8.40819E-06	7.314011571	5
ENSG00000157502	MUM1L1	0.719244876	6.12017847	5.493524862	7.32219E-08	9.15062E-06	7.226910135	X
ENSG00000114200	BCHE	0.782152414	6.221208748	5.489327977	7.48492E-08	9.24931E-06	7.209364179	3
ENSG00000149485	FADS1	0.698860722	11.21727909	5.452069389	9.09245E-08	1.09555E-05	7.043489252	11
ENSG00000136011	STAB2	1.160062191	5.22174212	5.44513532	9.4266E-08	1.12683E-05	6.940194156	12
ENSG00000155966	AFF2	0.607208062	7.99013627	5.42302624	1.05737E-07	1.24428E-05	6.922095647	X
ENSG00000140835	CHST4	0.960717306	2.893145534	5.459228457	8.75954E-08	1.06391E-05	6.836320309	16
ENSG00000189056	RELN	0.778708107	7.923721509	5.400165811	1.19021E-07	1.37387E-05	6.806342775	7
ENSG00000188176	SMTNL2	0.646823145	6.638413228	5.393813953	1.22991E-07	1.4143E-05	6.744951655	17
ENSG00000077943	ITGA8	0.975332935	9.887842533	5.380250334	1.31904E-07	1.49969E-05	6.700865471	10
ENSG00000141576	RNF157	-0.58952176	9.761928748	-5.377593068	1.33722E-07	1.51467E-05	6.684470712	17
ENSG00000138207	RBP4	-0.855074357	13.80872495	-5.350693027	1.53554E-07	1.69486E-05	6.505775177	10
ENSG00000146090	RASGEF1C	0.795436471	3.867310066	5.355845011	1.49546E-07	1.65854E-05	6.422140333	5
ENSG00000127863	TNFRSF19	0.600663422	7.856744762	5.30537418	1.93595E-07	2.0421E-05	6.337062636	13
ENSG00000186439	TRDN	-1.031612628	6.806063026	-5.308255087	1.90773E-07	2.0244E-05	6.336166868	6
ENSG00000237289	CKMT1B	-1.10425544	2.982045771	-5.341236366	1.61182E-07	1.74093E-05	6.31410302	15
ENSG00000064300	NGFR	0.646856325	10.65151222	5.297473736	2.01543E-07	2.10909E-05	6.281477469	17
ENSG00000160181	TFF2	0.892919788	1.752389714	5.374727858	1.35909E-07	1.52799E-05	6.249033636	21
ENSG00000258711	RP11-218E20.3	-0.825821525	2.101283747	-5.341560862	1.60914E-07	1.74093E-05	6.214756355	14
ENSG00000141639	MAPK4	0.983402143	6.091633666	5.286581946	2.13021E-07	2.22152E-05	6.191516912	18
ENSG00000006128	TAC1	1.006585578	4.005078634	5.281087382	2.1905E-07	2.27654E-05	6.058167356	7
ENSG00000006747	SCIN	-0.759088719	6.644703185	-5.228314366	2.86048E-07	2.86456E-05	5.938264958	7
ENSG00000130829	DUSP9	-0.970869829	2.220857388	-5.276205032	2.24546E-07	2.31772E-05	5.909644667	X
ENSG00000178772	CPN2	-1.000095422	3.462862869	-5.22953856	2.8429E-07	2.85641E-05	5.803515493	3
ENSG00000125965	GDF5	-0.921178449	3.396905172	-5.222996686	2.9381E-07	2.92292E-05	5.763110483	20
ENSG00000205038	PKHD1L1	1.464584426	7.320791617	5.177582987	3.68954E-07	3.55359E-05	5.694546402	8
ENSG00000137077	CCL21	1.111908149	8.794520487	5.158956979	4.04891E-07	3.81467E-05	5.627745498	9
ENSG00000054179	ENTPD2	0.771510609	5.750316702	5.171325704	3.80668E-07	3.63171E-05	5.620864208	9
ENSG00000159399	HK2	-0.591119894	11.4021358	-5.160591952	4.01605E-07	3.79554E-05	5.604515729	2
ENSG00000198650	TAT	0.775073808	3.772159151	5.145091064	4.33822E-07	4.02456E-05	5.38765511	16
ENSG00000235162	C12orf75	0.595397568	9.022413428	5.106262169	5.25898E-07	4.73355E-05	5.37626114	12
ENSG00000105737	GRIK5	0.654404869	6.82791087	5.109708091	5.17016E-07	4.68989E-05	5.365780998	19
ENSG00000127252	HRASLS	-0.75760112	3.757248638	-5.118288202	4.95526E-07	4.51391E-05	5.285916261	3
ENSG00000125851	PCSK2	0.83432273	5.638983313	5.08702934	5.78252E-07	5.11347E-05	5.212849861	20
ENSG00000237941	KCNQ1DN	-0.781545065	1.463714334	-5.153466229	4.16116E-07	3.88414E-05	5.181741164	11
ENSG00000144339	TMEFF2	0.87942905	4.168139673	5.09324765	5.60796E-07	4.98828E-05	5.167795606	2
ENSG00000204740	C10orf112	0.738451173	3.380056139	5.101895049	5.37367E-07	4.80816E-05	5.15325886	10
ENSG00000267372	AC005330.2	-0.699599924	2.880051364	-5.105199355	5.28667E-07	4.74436E-05	5.148304341	19
ENSG00000176692	FOXC2	0.690985133	6.083234951	5.058848469	6.64174E-07	5.70642E-05	5.098868654	16
ENSG00000079841	RIMS1	0.748764383	5.21301185	5.065801701	6.41892E-07	5.5465E-05	5.094699511	6
ENSG00000147655	RSPO2	0.86902303	3.36114752	5.091197474	5.66494E-07	5.02419E-05	5.092840166	8
ENSG00000211594	IGKJ4	-1.113382769	3.227250994	-5.084474082	5.85576E-07	5.16314E-05	5.08690324	2
ENSG00000179023	KLHDC7A	-1.223459	4.161506807	-5.039060039	7.3176E-07	6.16451E-05	4.939608137	1
ENSG00000234753	RP11-328M4.2	-0.724857377	3.035739132	-5.047946223	7.00625E-07	5.93529E-05	4.895645694	6
ENSG00000142549	IGLON5	-0.833070554	5.410942393	-5.007168168	8.54903E-07	7.02577E-05	4.843373743	19
ENSG00000175497	DPP10	0.734498393	1.758802491	5.083875893	5.88005E-07	5.16743E-05	4.828822125	2
ENSG00000256790	RP11-429A20.3	-0.787186344	2.447085256	-5.037384978	7.37777E-07	6.19739E-05	4.789600813	12
ENSG00000135333	EPHA7	0.602892543	5.725760422	4.989150822	9.33094E-07	7.5052E-05	4.75828575	6
ENSG00000160180	TFF3	1.139154058	6.707781461	4.974743866	1.00055E-06	7.96305E-05	4.721197235	21
ENSG00000185038	MROH2A	-0.819893127	1.686764349	-5.035985835	7.42839E-07	6.20599E-05	4.666264286	2
ENSG00000170074	FAM153A	0.607871056	5.446712957	4.95847485	1.08239E-06	8.43678E-05	4.604036706	5
ENSG00000235026	AC066593.1	0.608127151	1.001672468	5.051019604	6.95065E-07	5.90473E-05	4.580173938	2
ENSG00000181656	GPR88	0.643097272	5.22475311	4.945945222	1.14979E-06	8.91619E-05	4.536415846	1
ENSG00000102452	NALCN	0.718357215	6.062355889	4.931302611	1.2337E-06	9.4458E-05	4.501578072	13
ENSG00000206145	P2RX6P	-0.922002156	2.639347982	-4.97353413	1.00642E-06	7.96786E-05	4.496265425	22
ENSG00000179921	GPBAR1	-0.794280076	9.235950038	-4.913414034	1.34427E-06	0.000101891	4.468390502	2
ENSG00000125813	PAX1	0.919763326	1.941286381	4.997313598	8.96849E-07	7.29556E-05	4.452832322	20
ENSG00000116183	PAPPA2	0.606509356	7.4243791	4.906313216	1.39076E-06	0.000104369	4.431142806	1
ENSG00000229268	PES1P2	0.793522562	2.430064315	4.966089712	1.04331E-06	8.21687E-05	4.403452093	9
ENSG00000107485	GATA3	-0.596827494	8.210066663	-4.894726514	1.46996E-06	0.00011004	4.392791073	10
ENSG00000168333	C8orf22	0.741625234	5.23851011	4.910899901	1.36055E-06	0.000102868	4.37462449	8
ENSG00000156475	PPP2R2B	0.652267338	6.227098355	4.890028012	1.50331E-06	0.000111707	4.318841962	5
ENSG00000022556	NLRP2	-0.790543553	4.113739177	-4.885649493	1.53504E-06	0.000113507	4.219313168	19
ENSG00000249790	RP11-20D14.6	0.613995173	5.200858303	4.875329543	1.61241E-06	0.000118073	4.211026901	12
ENSG00000189292	FAM150B	0.934977599	8.272965622	4.85362759	1.78758E-06	0.000129026	4.20127561	2
ENSG00000211679	IGLC3	-0.994572735	5.921714554	-4.852773771	1.79483E-06	0.000129241	4.150357377	22
ENSG00000228612	HK2P1	-0.772925489	3.843527935	-4.861817393	1.71942E-06	0.000125001	4.087784033	X
ENSG00000249906	RP5-1029K10.2	0.614866897	6.016743308	4.838588137	1.91959E-06	0.00013501	4.076938986	17
ENSG00000172927	MYEOV	-0.978151098	8.937622341	-4.821702575	2.07902E-06	0.000144708	4.050811523	11
ENSG00000138696	BMPR1B	0.643353646	6.49673959	4.806653493	2.23181E-06	0.000152019	3.948895393	4
ENSG00000138722	MMRN1	0.69214152	10.92078062	4.801299397	2.28873E-06	0.00015485	3.941330808	4
ENSG00000234484	RP1-55C23.7	-0.627516401	1.575175442	-4.884880364	1.54068E-06	0.000113646	3.933389682	6
ENSG00000182132	KCNIP1	0.749173324	3.938047161	4.821583798	2.08018E-06	0.000144708	3.890185446	5
ENSG00000236816	ANKRD20A7P	0.86472611	3.949554148	4.817883143	2.11681E-06	0.000146832	3.873652192	9
ENSG00000183117	CSMD1	-0.986848261	5.113185901	-4.795641544	2.35041E-06	0.000157892	3.860692198	8
ENSG00000185640	KRT79	-0.931767648	5.301914675	-4.778502235	2.54718E-06	0.000167831	3.790632221	12
ENSG00000132465	IGJ	-0.874982139	6.726678439	-4.761343765	2.76002E-06	0.000178357	3.764007923	4
ENSG00000117069	ST6GALNAC5	0.898640823	3.651910044	4.786241716	2.45643E-06	0.000163555	3.703905515	1
ENSG00000113645	WWC1	-0.788489542	5.554265446	-4.745164345	2.97634E-06	0.000189902	3.65037744	5
ENSG00000214100	AC079776.2	0.693283328	2.69515848	4.789205296	2.42252E-06	0.000162089	3.631578356	2
ENSG00000110900	TSPAN11	0.607417738	7.737242572	4.720853843	3.33237E-06	0.000207795	3.599481145	12
ENSG00000123560	PLP1	0.64304372	8.444107222	4.717212805	3.3891E-06	0.000210465	3.590154586	X
ENSG00000164638	SLC29A4	-0.733179343	9.182357702	-4.710747229	3.49214E-06	0.000215977	3.553935408	7
ENSG00000244122	UGT1A7	-0.617753119	0.864232377	-4.812738203	2.18167E-06	0.000149196	3.47709838	2
ENSG00000162267	ITIH3	0.884684588	8.195790751	4.691480523	3.8174E-06	0.00022998	3.473179065	3
ENSG00000272549	RP11-351J23.2	0.647279893	1.447519285	4.802334661	2.27762E-06	0.000154444	3.469227613	6
ENSG00000160862	AZGP1	-0.761017749	10.48783019	-4.691850843	3.81089E-06	0.00022998	3.453904644	7
ENSG00000180875	GREM2	0.826758322	5.417009968	4.704083837	3.60149E-06	0.000221382	3.446828827	1
ENSG00000107859	PITX3	-0.852236616	2.280281932	-4.748077839	2.93622E-06	0.000188136	3.430233351	10
ENSG00000153446	C16orf89	-0.598391874	5.666873441	-4.693959935	3.77397E-06	0.00022873	3.426701637	16
ENSG00000224321	RP11-169K16.6	-0.827031989	2.734406847	-4.730847563	3.18131E-06	0.000200025	3.410048032	1
ENSG00000266588	RP1-56K13.5	0.598820818	1.796142851	4.762165611	2.74944E-06	0.000178357	3.362278898	17
ENSG00000109158	GABRA4	1.105890425	4.055045956	4.700676951	3.65867E-06	0.000223977	3.349426981	4
ENSG00000092758	COL9A3	0.592235876	6.270064207	4.656938223	4.47492E-06	0.000262277	3.275699485	20
ENSG00000273348	RP11-535A5.1	0.666439671	1.962287822	4.72418914	3.2812E-06	0.000205452	3.225779044	18
ENSG00000211899	IGHM	-0.967103037	7.618229596	-4.634049367	4.96924E-06	0.000285712	3.219055626	14
ENSG00000264707	RP11-760N9.1	-0.772474787	2.884883954	-4.67301423	4.15639E-06	0.000247932	3.166619841	18
ENSG00000234810	RP11-466L17.1	0.702416262	3.370525688	4.669136619	4.23116E-06	0.000250908	3.166347593	1
ENSG00000211896	IGHG1	-0.990644542	9.417557217	-4.621235614	5.26847E-06	0.000300631	3.15730774	14
ENSG00000224373	IGHV4-59	-0.808614211	1.492342234	-4.708361096	3.53093E-06	0.000217487	3.128938236	14
ENSG00000163464	CXCR1	-0.656546644	5.532577914	-4.609616048	5.55473E-06	0.000313505	3.052267506	2
ENSG00000228695	CES1P1	-0.66271862	5.959727632	-4.585873036	6.18685E-06	0.00034395	2.964797868	16
ENSG00000166856	GPR182	0.804795478	3.319436835	4.622020896	5.24964E-06	0.000300123	2.952719296	12
ENSG00000157152	SYN2	-0.632149109	10.94276779	-4.576944537	6.44199E-06	0.000355399	2.94678681	3
ENSG00000258231	RP11-362K2.2	-0.597072709	0.82566504	-4.69923242	3.69311E-06	0.000225183	2.945372076	12
ENSG00000170165	CR848007.2	0.741783895	3.134881242	4.609144593	5.56665E-06	0.000313505	2.882258186	9
ENSG00000238755	RP11-23D24.2	-0.601352686	4.814253347	-4.569183191	6.67197E-06	0.000365544	2.845707195	3
ENSG00000015413	DPEP1	0.793516354	4.252254826	4.561726623	6.90032E-06	0.000375335	2.75655363	16
ENSG00000183747	ACSM2A	-0.68137048	2.966861413	-4.576214601	6.46329E-06	0.000355399	2.7559983	16
ENSG00000255798	RP11-817J15.3	0.655041718	1.833688657	4.611237515	5.5139E-06	0.000312279	2.705286865	11
ENSG00000258545	RP4-755D9.1	-0.647233776	7.285290609	-4.502658346	8.99416E-06	0.000456393	2.64769319	X
ENSG00000233639	AC018730.1	0.636818183	4.480162083	4.519781362	8.3315E-06	0.00043443	2.60012733	2
ENSG00000154493	C10orf90	-0.647117364	5.155221842	-4.503928869	8.9433E-06	0.000454575	2.581192763	10
ENSG00000119938	PPP1R3C	0.602515625	9.660676185	4.486762299	9.65437E-06	0.000482607	2.580648569	10
ENSG00000134028	ADAMDEC1	-0.827149663	5.081197826	-4.494354553	9.33344E-06	0.000468889	2.535665932	8
ENSG00000241351	IGKV3-11	-1.021811769	2.83895972	-4.50914088	8.73755E-06	0.000448393	2.459364067	2
ENSG00000102575	ACP5	-0.614985728	9.287637389	-4.447443347	1.1493E-05	0.00054824	2.415705828	19
ENSG00000154027	AK5	0.644581968	5.613993422	4.4611006	1.08193E-05	0.000521032	2.405995147	1
ENSG00000185634	SHC4	0.655894794	4.937158857	4.467778483	1.05038E-05	0.000509898	2.402260148	15
ENSG00000233485	RP3-467K16.2	-0.655960411	3.231284547	-4.483407199	9.79954E-06	0.000486646	2.379748246	1
ENSG00000248174	RP11-148L24.1	0.710936293	2.419454561	4.508885005	8.74754E-06	0.000448393	2.361752963	4
ENSG00000211959	IGHV4-39	-0.747970426	1.259616894	-4.542433935	7.53246E-06	0.000402446	2.356245292	14
ENSG00000125848	FLRT3	0.773865633	3.580351462	4.473311884	1.02491E-05	0.000500336	2.336273796	20
ENSG00000273079	GRIN2B	-0.64892715	4.52536877	-4.446101451	1.15614E-05	0.000550631	2.30684057	12
ENSG00000224650	IGHV3-74	-0.78867696	2.735905039	-4.47476849	1.0183E-05	0.000500206	2.292416733	14
ENSG00000132204	LINC00470	0.644344415	1.526824144	4.530364129	7.94566E-06	0.000415745	2.275665176	18
ENSG00000137673	MMP7	-1.141599023	5.277527543	-4.425105005	1.26825E-05	0.000594664	2.251903675	11
ENSG00000119125	GDA	-0.92740006	4.144111353	-4.428751725	1.24806E-05	0.000587016	2.214247121	9
ENSG00000147872	PLIN2	-0.594401719	14.98959678	-4.412945515	1.33787E-05	0.000617729	2.205551442	9
ENSG00000113396	SLC27A6	0.795346952	3.077738077	4.448097674	1.14599E-05	0.000547521	2.180825472	5
ENSG00000161911	TREML1	-0.772315596	4.296415403	-4.414149897	1.33082E-05	0.000615411	2.156209594	6
ENSG00000196090	PTPRT	-0.646920691	5.188014893	-4.39723585	1.43325E-05	0.00064986	2.133537498	20
ENSG00000249487	RP11-97O12.2	-0.667539399	1.670845284	-4.473133549	1.02572E-05	0.000500336	2.132314234	15
ENSG00000168913	ENHO	0.666324098	4.974454422	4.40310786	1.39686E-05	0.00063911	2.131968293	9
ENSG00000108231	LGI1	0.761099245	4.424802176	4.40747975	1.37034E-05	0.000630796	2.118449083	10
ENSG00000173237	C11orf86	-0.702997782	2.022091271	-4.450782648	1.13247E-05	0.000542777	2.097650012	11
ENSG00000172232	AZU1	-0.666184393	3.289191827	-4.406708764	1.37498E-05	0.000631011	2.05965551	19
ENSG00000198010	DLGAP2	0.610689902	4.111525106	4.391395061	1.47034E-05	0.000662704	2.03521995	8
ENSG00000174697	LEP	-1.016939518	13.49116333	-4.363117536	1.6633E-05	0.000727977	2.012799678	7
ENSG00000123119	NECAB1	-0.783170071	3.193700979	-4.38471822	1.51387E-05	0.000676276	1.964267056	8
ENSG00000164106	SCRG1	0.633519739	5.517802775	4.345318066	1.79695E-05	0.000776358	1.918997574	4
ENSG00000164764	SBSPON	0.585082296	8.549135072	4.319758497	2.00695E-05	0.000848682	1.894590834	8
ENSG00000186188	FFAR4	-0.705930697	7.348455449	-4.306445112	2.12543E-05	0.000887275	1.82873375	10
ENSG00000211940	IGHV3-9	-0.770671194	1.3435662	-4.386558234	1.50279E-05	0.000672321	1.711492175	14
ENSG00000256654	RP11-429A20.4	-0.688039834	3.231880211	-4.306325677	2.12652E-05	0.000887275	1.642092675	12
ENSG00000104112	SCG3	0.659388422	3.707524171	4.303144468	2.15582E-05	0.000892474	1.639621436	15
ENSG00000244116	IGKV2-28	-0.718848627	1.543706672	-4.346495445	1.7878E-05	0.00077573	1.579130324	2
ENSG00000128591	FLNC	0.589588736	11.39025279	4.249639363	2.71037E-05	0.001049549	1.576468191	7
ENSG00000249341	RP11-317M11.1	-0.759790767	3.179656588	-4.278733624	2.39385E-05	0.00096197	1.520119901	4
ENSG00000128040	SPINK2	0.758298055	2.330508289	4.314812759	2.05021E-05	0.00086237	1.514437368	4
ENSG00000164825	DEFB1	-0.790510989	5.959548075	-4.236661143	2.86411E-05	0.00109506	1.504755291	8
ENSG00000107317	PTGDS	0.595049952	10.4906879	4.228095522	2.9701E-05	0.001125622	1.50090268	9
ENSG00000078725	BRINP1	0.748065233	3.562596865	4.265339503	2.53491E-05	0.001003956	1.471603877	9
ENSG00000162493	PDPN	0.586244596	9.655214609	4.216132997	3.1244E-05	0.001163684	1.463840811	1
ENSG00000152207	CYSLTR2	-0.589112567	4.274770673	-4.243851848	2.77793E-05	0.001071593	1.45734146	13
ENSG00000006283	CACNA1G	0.592418837	5.466217361	4.230413948	2.94104E-05	0.001116346	1.449017123	17
ENSG00000228643	AC079779.4	0.77445641	3.383301408	4.255524068	2.64329E-05	0.001034165	1.41600115	2
ENSG00000146197	SCUBE3	0.834046323	7.533844679	4.19832379	3.36835E-05	0.001230462	1.388784352	6
ENSG00000254709	IGLL5	-0.969620482	6.450040075	-4.202590004	3.30831E-05	0.001214105	1.387268616	22
ENSG00000152910	CNTNAP4	0.599137388	5.386497007	4.209687603	3.21067E-05	0.001187397	1.361936368	16
ENSG00000146411	SLC2A12	0.629604845	4.188533503	4.224089631	3.02094E-05	0.00113918	1.354993733	6
ENSG00000211675	IGLC1	-0.975512239	6.411446734	-4.18176977	3.61132E-05	0.001296649	1.302947413	22
ENSG00000147081	AKAP4	0.604562357	1.230471845	4.308267102	2.10883E-05	0.000883343	1.295709754	X
ENSG00000147488	ST18	-0.722197268	3.831727925	-4.20950998	3.21308E-05	0.001187397	1.291914646	8
ENSG00000211677	IGLC2	-0.850978747	5.85815713	-4.177113651	3.68262E-05	0.00131168	1.264254424	22
ENSG00000159713	TPPP3	0.643475958	9.668594262	4.150296377	4.12009E-05	0.001420796	1.201370228	16
ENSG00000232623	AP000266.7	-0.642912496	6.670612166	-4.153763452	4.06086E-05	0.001406789	1.196836706	21
ENSG00000211938	IGHV3-7	-0.797328604	1.923783698	-4.234506395	2.89042E-05	0.001102334	1.194720467	14
ENSG00000259675	RP11-507B12.1	0.74647223	3.147353692	4.200557117	3.33679E-05	0.001221727	1.170429913	15
ENSG00000249173	RP11-701P16.4	-0.628340145	2.198773176	-4.217739987	3.10323E-05	0.001160087	1.163864467	4
ENSG00000140505	CYP1A2	-0.591549413	1.077215827	-4.26907887	2.49475E-05	0.000995929	1.155875563	15
ENSG00000072195	SPEG	0.63400868	11.07087134	4.136622054	4.36179E-05	0.001487189	1.129358483	2
ENSG00000211949	IGHV3-23	-0.816703273	2.440219561	-4.195147174	3.41374E-05	0.001243875	1.105515155	14
ENSG00000166342	NETO1	-0.912993896	5.666939116	-4.137696989	4.34231E-05	0.001482219	1.101538008	18
ENSG00000124469	CEACAM8	-0.708401499	2.174434558	-4.191770562	3.46261E-05	0.001252629	1.061153721	19
ENSG00000112246	SIM1	-0.628779003	8.725243696	-4.10530297	4.96728E-05	0.001638228	1.032301762	6
ENSG00000078898	BPIFB2	-0.878832269	2.604405552	-4.162148021	3.92097E-05	0.001372476	1.001828277	20
ENSG00000230729	RP11-296L22.8	0.584997098	2.875144684	4.154358517	4.05078E-05	0.001406518	0.962070548	9
ENSG00000165186	PTCHD1	0.918764867	5.69845892	4.098344506	5.11227E-05	0.001667726	0.928532122	X
ENSG00000250167	CTC-321K16.1	0.603770584	2.930909095	4.13831502	4.33115E-05	0.001480079	0.908121194	5
ENSG00000062282	DGAT2	-0.729668952	12.95310871	-4.081315616	5.48427E-05	0.001751433	0.886618738	11
ENSG00000103742	IGDCC4	0.591334243	7.804476492	4.05793386	6.03718E-05	0.001880354	0.84459567	15
ENSG00000242371	IGKV1-39	-0.748439133	1.673687811	-4.153315305	4.06847E-05	0.001407812	0.819038628	2
ENSG00000262152	LINC00514	-0.641225336	2.127388429	-4.126675403	4.54603E-05	0.00153102	0.791903576	16
ENSG00000211897	IGHG3	-1.02762624	6.905673438	-4.03546603	6.6181E-05	0.002002981	0.745032444	14
ENSG00000228709	AP001065.15	-0.616012919	3.097505457	-4.081864946	5.47188E-05	0.001750949	0.733211293	21
ENSG00000243466	IGKV1-5	-0.954463284	3.224600801	-4.074914813	5.63064E-05	0.001788734	0.717478827	2
ENSG00000170262	MRAP	-0.630102695	7.326759543	-4.026704327	6.85873E-05	0.002051717	0.717275748	21
ENSG00000043591	ADRB1	-0.666420541	6.758706472	-4.021375036	7.00913E-05	0.00208639	0.68605149	10
ENSG00000254814	RP11-535A19.1	-0.713166458	10.57879388	-4.017918446	7.10835E-05	0.002107627	0.669478133	11
ENSG00000231817	RP11-189B4.6	0.620662628	1.850783354	4.117896226	4.71478E-05	0.00157383	0.661477441	13
ENSG00000188730	VWC2	0.60312977	4.906863537	4.027770273	6.82902E-05	0.002044852	0.623166258	7
ENSG00000184344	GDF3	0.681290395	2.94528111	4.064373806	5.87982E-05	0.001852327	0.61440925	12
ENSG00000260886	RP11-432I5.1	0.611424469	3.420935175	4.051242209	6.20492E-05	0.0019227	0.612669713	16
ENSG00000246022	ALDH1L1-AS2	-0.703962215	7.080517259	-3.994889852	7.80423E-05	0.002256438	0.590905429	3
ENSG00000211671	IGLV2-8	-0.947987365	2.638069137	-4.047875741	6.29098E-05	0.001931554	0.557547909	22
ENSG00000178789	CD300LB	-0.609302992	6.256116465	-3.990053994	7.95836E-05	0.00227921	0.547338523	17
ENSG00000143167	GPA33	-0.652318844	2.888820408	-4.036529078	6.58946E-05	0.002002148	0.533002018	1
ENSG00000166670	MMP10	0.585419036	1.287185607	4.11544416	4.76296E-05	0.001586414	0.5273202	11
ENSG00000100628	ASB2	0.634900877	6.96225942	3.979963592	8.2893E-05	0.002336379	0.523891499	14
ENSG00000128714	HOXD13	-0.916275819	2.764814089	-4.035411246	6.62296E-05	0.002002981	0.522599634	2
ENSG00000146267	FAXC	0.799159802	3.787599521	4.014806386	7.19883E-05	0.002132361	0.498288215	6
ENSG00000133392	MYH11	0.73900176	14.31836712	3.970982706	8.59481E-05	0.002388024	0.451141256	16
ENSG00000166527	CLEC4D	-0.681617746	4.093222078	-3.987871211	8.02887E-05	0.002292173	0.438092141	12
ENSG00000111432	FZD10	0.637349343	5.843166196	3.963918985	8.84257E-05	0.002435572	0.422227256	12
ENSG00000268162	HBCBP	0.598437381	1.845276825	4.031129512	6.73618E-05	0.002031129	0.316096009	12
ENSG00000065361	ERBB3	0.634717425	7.034496955	3.921408191	0.000104828	0.002728315	0.304166115	12
ENSG00000130173	C19orf80	-0.958275116	8.012687262	-3.913679818	0.000108104	0.002770657	0.297343198	19
ENSG00000183019	C19orf59	-0.676471991	4.726059524	-3.940461676	9.71484E-05	0.002593167	0.29579098	19
ENSG00000198099	ADH4	-0.759193381	5.509037812	-3.919905499	0.000105457	0.002735283	0.253822663	4
ENSG00000132854	KANK4	-0.786604288	6.531329841	-3.89248985	0.00011759	0.002948824	0.191568567	1
ENSG00000157765	SLC34A2	-0.784009352	3.722517736	-3.914065799	0.000107938	0.002770657	0.138488491	4
ENSG00000171446	KRT27	0.778693121	2.425761572	3.95060415	9.32812E-05	0.002523349	0.102653648	17
ENSG00000095970	TREM2	-0.778177918	7.061300462	-3.865730429	0.000130699	0.003198061	0.102526435	6
ENSG00000114248	LRRC31	0.607340989	1.583281541	3.984030168	8.15835E-05	0.002303763	0.07332587	3
ENSG00000241755	IGKV1-9	-0.75503949	1.65251615	-3.960990672	8.94725E-05	0.002453235	0.071964638	2
ENSG00000249307	LINC01088	0.655014738	7.408449526	3.852038296	0.00013793	0.003334456	0.056254007	4
ENSG00000165238	WNK2	0.751530559	7.121078468	3.849653529	0.000139227	0.003353031	0.038251621	9
ENSG00000186431	FCAR	-0.652341019	5.545976034	-3.848131363	0.000140061	0.003364473	-0.01215637	19
ENSG00000253364	RP11-731F5.2	-0.98445475	5.776440905	-3.834022673	0.000148021	0.003500506	-0.053473149	14
ENSG00000107831	FGF8	-0.643077197	2.654919381	-3.883632874	0.000121785	0.003031384	-0.06834068	10
ENSG00000244437	IGKV3-15	-0.797039092	2.194852054	-3.895771907	0.000116071	0.002922843	-0.082956498	2
ENSG00000211668	IGLV2-11	-0.855492655	2.349440945	-3.887211193	0.000120073	0.002993714	-0.092334265	22
ENSG00000034971	MYOC	0.684616049	10.82783775	3.808316434	0.000163635	0.003769096	-0.114675189	1
ENSG00000174403	C20orf166-AS1	0.804070402	4.428187304	3.838934563	0.000145203	0.00344691	-0.120174325	20
ENSG00000249743	RP11-60A8.1	0.702364632	1.61819823	3.92978617	0.000101383	0.002673162	-0.127028329	5
ENSG00000130176	CNN1	0.720201632	11.25797971	3.805480219	0.00016545	0.003805106	-0.130468857	19
ENSG00000263335	AF001548.5	0.622789513	9.860463893	3.796187408	0.000171531	0.003915186	-0.146467953	16
ENSG00000270380	RP11-470L19.5	0.830603775	3.819877985	3.828398126	0.000151312	0.003550143	-0.206006689	1
ENSG00000228970	UBTFL6	-0.677535681	3.07920241	-3.827114375	0.000152073	0.003558919	-0.237684035	2
ENSG00000173212	MAB21L3	-0.662992164	3.66937697	-3.812795893	0.000160807	0.003718109	-0.240965294	1
ENSG00000162989	KCNJ3	0.697207373	3.111459632	3.832217955	0.00014907	0.003516626	-0.250850129	2
ENSG00000170476	MZB1	-0.659616345	3.52720721	-3.81072202	0.000162111	0.003742529	-0.259267932	5
ENSG00000169385	RNASE2	-0.646827376	5.569498121	-3.770518347	0.000189444	0.004222071	-0.297761297	14
ENSG00000130540	SULT4A1	-0.605633288	3.916465347	-3.776243955	0.000185302	0.00415117	-0.359742409	22
ENSG00000271367	RP3-483K16.4	-0.623823564	3.987755555	-3.771846531	0.000188475	0.004206685	-0.368794418	6
ENSG00000105675	ATP4A	-0.624996358	2.287293841	-3.816236314	0.000158666	0.003685515	-0.375029569	19
ENSG00000267506	RP11-13K12.1	0.65794976	3.886515542	3.759277911	0.000197831	0.004348115	-0.442124205	17
ENSG00000235782	RP3-333A15.1	-0.62942019	3.700906855	-3.750642405	0.000204511	0.00446573	-0.468842833	1
ENSG00000211660	IGLV2-23	-0.834444369	2.355557262	-3.773007009	0.000187633	0.004195271	-0.511303143	22
ENSG00000147588	PMP2	0.707724196	5.225315404	3.710956579	0.00023804	0.005033092	-0.540345303	8
ENSG00000101311	FERMT1	0.586170184	3.965200596	3.729130895	0.000222089	0.004777124	-0.545543821	20
ENSG00000145934	TENM2	0.698425883	4.591259555	3.711820391	0.000237258	0.005021267	-0.569648369	5
ENSG00000211890	IGHA2	-0.741425912	6.316828757	-3.68222354	0.000265477	0.005417554	-0.581790148	14
ENSG00000206579	XKR4	0.641350888	5.192818394	3.698206361	0.000249868	0.005204374	-0.586342095	8
ENSG00000145107	TM4SF19	-0.82240419	2.881220209	-3.723684085	0.00022676	0.004867222	-0.635040806	3
ENSG00000163017	ACTG2	0.778617328	11.41260643	3.664519958	0.000283836	0.0056848	-0.638252647	2
ENSG00000180440	SERTM1	0.632414315	2.740532027	3.729946957	0.000221397	0.004765762	-0.657318736	13
ENSG00000188984	AADACL3	-0.645857841	1.78228917	-3.760984844	0.000196535	0.004338763	-0.660458595	1
ENSG00000174226	SNX31	0.681453021	3.70786138	3.692626271	0.000255216	0.005268609	-0.69908283	8
ENSG00000183715	OPCML	0.635007249	4.576083244	3.667800731	0.000280346	0.005632112	-0.727619533	11
ENSG00000175084	DES	0.937713519	12.20616594	3.635239748	0.000316845	0.006126812	-0.750313262	2
ENSG00000268734	CTB-61M7.2	-0.58960864	4.66677727	-3.646933499	0.000303251	0.00593045	-0.777995987	19
ENSG00000198597	ZNF536	0.672290859	4.933911915	3.636457785	0.000315402	0.006106733	-0.818096217	19
ENSG00000156395	SORCS3	0.656855981	2.745417712	3.681912817	0.000265789	0.005420271	-0.830985413	10
ENSG00000143125	PROK1	0.820352252	5.856587149	3.59595341	0.000366826	0.006760465	-0.918607836	1
ENSG00000138944	KIAA1644	0.628895858	6.557191633	3.578034585	0.000392001	0.007107486	-0.948262733	22
ENSG00000164488	DACT2	0.896225594	4.311095356	3.61055441	0.000347443	0.006517771	-0.950376828	6
ENSG00000263065	AF001548.6	0.6386625	9.138785482	3.562360025	0.000415343	0.007419507	-0.964322421	16
ENSG00000184731	FAM110C	0.649569994	4.274887005	3.603900817	0.000356153	0.006652964	-0.968011179	2
ENSG00000211663	IGLV3-19	-0.729939642	1.648744299	-3.679196711	0.000268534	0.005454188	-0.968087361	22
ENSG00000180777	ANKRD30B	-0.679313616	1.96805046	-3.657835772	0.000291073	0.005783787	-0.985580947	18
ENSG00000133636	NTS	1.016962061	3.313469951	3.610571016	0.000347422	0.006517771	-1.050554326	12
ENSG00000261742	LINC00922	-0.589166479	2.247901726	-3.624882544	0.000329361	0.006276536	-1.083234621	16
ENSG00000211651	IGLV1-44	-0.745558439	2.168691475	-3.617037523	0.000339149	0.006406546	-1.094256822	22
ENSG00000235897	TM4SF19-AS1	-0.598780428	5.978228774	-3.536713905	0.000456366	0.007973346	-1.102077526	3
ENSG00000114771	AADAC	-0.904801998	6.539341611	-3.528821328	0.000469735	0.008136424	-1.105982683	3
ENSG00000243238	IGKV2-30	-0.657529334	1.475753106	-3.642408786	0.000308445	0.00601437	-1.134701029	2
ENSG00000211598	IGKV4-1	-0.841673647	3.0940609	-3.569731342	0.000404208	0.007263499	-1.152636873	2
ENSG00000211947	IGHV3-21	-0.670839844	1.557015877	-3.632069879	0.000320627	0.006161649	-1.156484718	14
ENSG00000211953	IGHV3-30	-0.601994025	1.384133583	-3.623856216	0.000330626	0.006283262	-1.224535729	14
ENSG00000130822	PNCK	0.652846252	5.438916939	3.502592195	0.000516848	0.008665517	-1.252907545	X
ENSG00000142748	FCN3	-0.755185292	8.272613412	-3.47511126	0.000570929	0.009285715	-1.259398844	1
ENSG00000211943	IGHV3-15	-0.65679761	1.425390428	-3.596176318	0.000366645	0.006760465	-1.305888772	14
ENSG00000133048	CHI3L1	-0.769010678	10.24850894	-3.462948849	0.000596514	0.009595948	-1.320376453	1
ENSG00000134873	CLDN10	0.668727696	3.114448959	3.523176593	0.000479521	0.008247103	-1.342366826	13
ENSG00000211662	IGLV3-21	-0.750821385	1.829009985	-3.550272923	0.000434226	0.007693209	-1.37658421	22
ENSG00000211893	IGHG2	-0.813588919	8.006432702	-3.435923713	0.000657251	0.01026684	-1.390739746	14
ENSG00000234638	AC053503.6	0.839773921	6.823228873	3.431777215	0.000667065	0.010345669	-1.436927611	2
ENSG00000163347	CLDN1	0.691955338	7.215995487	3.408301303	0.00072526	0.010928772	-1.501157234	3
ENSG00000230058	RP11-172E9.2	-0.663493988	4.629183746	-3.435769604	0.000657613	0.01026684	-1.503948322	13
ENSG00000139445	FOXN4	-0.638914009	3.181437175	-3.462579415	0.000597308	0.009603607	-1.511800906	12
ENSG00000211892	IGHG4	-0.806482166	5.369078533	-3.406940894	0.000728774	0.010976246	-1.560310602	14
ENSG00000239855	IGKV1-6	-0.591666013	1.229333521	-3.530765624	0.000466554	0.008098634	-1.57502231	2
ENSG00000211653	IGLV1-40	-0.791147156	2.48369323	-3.453019221	0.000618193	0.009821211	-1.616223061	22
ENSG00000260877	RP11-211G23.2	-0.63256426	4.569596272	-3.398997943	0.000749606	0.01117867	-1.628299865	11
ENSG00000137441	FGFBP2	-0.587474479	7.548336886	-3.353516612	0.000879983	0.012441946	-1.663599187	4
ENSG00000186832	KRT16	-0.917849521	6.238753864	-3.347104312	0.000899977	0.012641894	-1.719473632	17
ENSG00000133742	CA1	-0.669684688	2.736096558	-3.409506446	0.000722161	0.010892925	-1.726920166	8
ENSG00000129988	LBP	-0.708987014	8.712659955	-3.324058744	0.000975377	0.013347697	-1.760648844	20
ENSG00000211934	IGHV1-2	-0.606411088	1.329517002	-3.458062813	0.000607091	0.00970576	-1.801350646	14
ENSG00000187140	FOXD3	0.598374052	3.465031739	3.369830826	0.000830963	0.011978464	-1.82060202	1
ENSG00000211666	IGLV2-14	-0.702937072	3.683404565	-3.355820067	0.000872902	0.012382354	-1.821282552	22
ENSG00000164007	CLDN19	0.821905743	2.927041164	3.385979923	0.000784954	0.011496065	-1.837795457	1
ENSG00000146070	PLA2G7	-0.598130393	7.216366014	-3.298191859	0.001066982	0.014265584	-1.851571291	6
ENSG00000142449	FBN3	0.585272887	2.509582297	3.392109462	0.000768122	0.011327784	-1.858787418	19
ENSG00000174145	KIAA1239	-0.786292041	5.524211438	-3.312075173	0.001016867	0.013775448	-1.872689382	4
ENSG00000240382	IGKV1-17	-0.609705006	1.379093862	-3.405755859	0.000732452	0.011020671	-1.96004904	2
ENSG00000265579	RP11-713C5.1	-0.706645795	4.162955643	-3.265784116	0.001193028	0.015472022	-2.079144976	18
ENSG00000101443	WFDC2	0.6402197	5.714335015	3.235193941	0.001324548	0.016740115	-2.112074726	20
ENSG00000103089	FA2H	0.691625722	3.072034928	3.269097801	0.001179533	0.01532329	-2.189772112	16
ENSG00000147614	ATP6V0D2	-0.7655752	2.885381352	-3.254845293	0.001238601	0.015885921	-2.218092514	8
ENSG00000239839	DEFA3	-0.796222739	3.857408248	-3.224915936	0.001371978	0.017138677	-2.224500665	8
ENSG00000236700	LINC01010	-0.629404382	3.527879269	-3.222609981	0.001382453	0.017175973	-2.264983197	6
ENSG00000211648	IGLV1-47	-0.633005532	1.642813968	-3.287955309	0.001105393	0.014622922	-2.288140862	22
ENSG00000166426	CRABP1	0.592774304	2.512649062	3.244663502	0.001282465	0.016323896	-2.341439451	15
ENSG00000211685	IGLC7	-0.61264592	1.669661446	-3.253701372	0.001243459	0.01591448	-2.394856674	22
ENSG00000239951	IGKV3-20	-0.744874215	3.968691404	-3.156702634	0.001725903	0.019907123	-2.433742121	2
ENSG00000120057	SFRP5	0.738356307	5.181261189	3.13754104	0.001839632	0.020705612	-2.441604572	10
ENSG00000206384	COL6A6	0.609951498	6.798360019	3.094288728	0.002122208	0.022905763	-2.504646447	3
ENSG00000158008	EXTL1	0.602036701	3.738599226	3.112590338	0.001998086	0.021981884	-2.607320691	1
ENSG00000166926	MS4A6E	-0.766638738	4.329165607	-3.092266734	0.002136349	0.023009114	-2.61002944	11
ENSG00000235711	ANKRD34C	0.600292017	3.279761255	3.119186505	0.001955016	0.021641855	-2.628113521	15
ENSG00000211673	IGLV3-1	-0.661614778	1.924825134	-3.122905737	0.00193111	0.021447871	-2.74619677	22
ENSG00000223572	CKMT1A	-0.594186189	1.734991481	-3.129560533	0.001889006	0.021151133	-2.766366963	15
ENSG00000179593	ALOX15B	-0.720849227	7.092909426	-2.999338806	0.002887888	0.028255709	-2.771157358	17
ENSG00000137558	PI15	0.671763912	5.43281912	3.020616233	0.002697058	0.026919841	-2.778780398	8
ENSG00000265179	RP11-672L10.2	0.765663794	4.061572476	3.040945921	0.002525604	0.025631489	-2.805120203	18
ENSG00000164935	DCSTAMP	-0.739096534	4.445166392	-2.991239237	0.002963726	0.02869141	-2.904581439	8
ENSG00000267594	CYP4F24P	0.724908493	3.888439367	2.994937979	0.00292887	0.028474739	-2.951235525	19
ENSG00000122304	PRM2	0.753917067	2.782677228	2.99900472	0.002890981	0.028264929	-3.048482408	16
ENSG00000235385	GS1-600G8.5	-0.635024946	2.495032823	-2.992403433	0.002952714	0.02863063	-3.068730437	X
ENSG00000265933	LINC00668	-0.650641965	2.789961418	-2.971516766	0.003156083	0.03001554	-3.082683235	18
ENSG00000162723	SLAMF9	-0.621113282	3.349851893	-2.955836649	0.003317095	0.031048868	-3.085998198	1
ENSG00000077274	CAPN6	0.600015502	5.54025676	2.901437076	0.003935665	0.034915317	-3.115757239	X
ENSG00000257219	RP11-54A9.1	-0.673912123	4.888348728	-2.880786995	0.004196803	0.03654156	-3.196196637	12
ENSG00000143001	TMEM61	0.597087438	2.653407681	2.894531282	0.004021298	0.03547728	-3.352627134	1
ENSG00000258179	RP11-248E9.7	-0.625608226	2.241365764	-2.897253623	0.00398734	0.03522126	-3.38050837	12
ENSG00000079689	SCGN	-0.664326886	6.047653245	-2.792412896	0.005502054	0.043812171	-3.385262893	6
ENSG00000137976	DNASE2B	-0.626813458	3.057891613	-2.854253902	0.00455548	0.038494382	-3.398850384	1
ENSG00000170927	PKHD1	0.62978513	3.764952671	2.831995928	0.004877629	0.040331883	-3.419287653	6
ENSG00000144057	ST6GAL2	0.654290921	4.033780791	2.823045901	0.005012899	0.041007605	-3.424339985	2
ENSG00000133063	CHIT1	-0.724907447	7.850746219	-2.732124894	0.006592999	0.049674156	-3.503289317	1
