gene	logfc	pval	fdr	average.expr	significant
TNFRSF14	-0.131430201	0.002812638	0.047910962	0.503160031	TRUE
KCNAB2	-0.076637003	0.001080012	0.023619506	0.028219802	TRUE
GPR153	0.059461641	0.000502953	0.013054444	0.07441432	TRUE
ENO1	-0.087139422	0.000875925	0.01990088	1.535095675	TRUE
SLC2A5	0.056624573	0.000283927	0.008156415	0.063495181	TRUE
GPR157	0.202328523	2.32E-07	1.74E-05	1.397324645	TRUE
PGD	-0.161467407	0.000170516	0.005432482	0.390938453	TRUE
AGTRAP	-0.074230327	0.001432877	0.028980705	0.015041095	TRUE
PRDM2	0.183846538	9.81E-06	0.000475103	0.429436144	TRUE
TMEM51	-0.14865287	1.79E-07	1.38E-05	0.049798658	TRUE
EFHD2	-0.331872343	5.66E-12	1.37E-09	0.634909563	TRUE
NECAP2	-0.127721675	0.00263497	0.045432458	0.592369653	TRUE
PADI2	0.139603811	0.001552846	0.030891059	0.252288577	TRUE
MINOS1	-0.149151012	0.00040699	0.010846017	0.411023554	TRUE
ECE1	0.190950376	1.90E-10	3.18E-08	0.238407884	TRUE
C1QA	-0.372227811	1.15E-08	1.15E-06	0.033632423	TRUE
C1QC	-0.419855129	7.75E-11	1.43E-08	0.030362899	TRUE
C1QB	-0.486981857	2.40E-11	5.30E-09	0.043600164	TRUE
TMEM57	0.117387352	0.000255141	0.007455831	0.228657906	TRUE
SH3BGRL3	-0.17567853	2.86E-09	3.46E-07	1.69828582	TRUE
FGR	-0.153774213	6.18E-05	0.002317293	0.144834724	TRUE
IFI6	-0.347798105	3.29E-10	5.12E-08	0.122114773	TRUE
THEMIS2	-0.146757188	0.000591656	0.015011931	0.591335406	TRUE
PTAFR	-0.179992489	7.66E-09	8.01E-07	0.004063008	TRUE
LAPTM5	-0.218418593	3.67E-06	0.000204686	0.872175413	TRUE
MARCKSL1	0.180428903	4.08E-07	2.80E-05	3.0163304	TRUE
AK2	-0.133298992	0.001584612	0.031449157	0.197466972	TRUE
ZMYM6NB	-0.164179681	2.90E-06	0.000166304	0.12789584	TRUE
LSM10	-0.080761017	0.001601452	0.03163521	0.098881539	TRUE
CSF3R	-0.091459923	0.000325332	0.009069169	0.018974037	TRUE
UTP11L	-0.083955597	0.001375187	0.028118097	0.046740819	TRUE
MACF1	0.1180607	0.00075249	0.017912861	0.403725579	TRUE
ATP6V0B	-0.11086049	0.001813454	0.034501835	0.956727688	TRUE
PLK3	-0.135549251	6.38E-05	0.002384662	0.11677241	TRUE
AKR1A1	-0.189126617	5.60E-05	0.002151735	0.344671814	TRUE
CDKN2C	0.152675182	1.54E-06	9.25E-05	0.215275648	TRUE
SCP2	-0.112114123	0.001381458	0.028176081	0.254732979	TRUE
MAGOH	-0.161420149	9.27E-06	0.00045429	0.229688108	TRUE
TACSTD2	0.072526714	0.001094456	0.023787368	0.074545596	TRUE
ROR1	0.13243908	2.99E-11	6.34E-09	0.126656607	TRUE
IL23R	0.113499144	2.24E-09	2.85E-07	0.101660758	TRUE
GADD45A	0.254543637	1.40E-06	8.44E-05	1.018654907	TRUE
MCOLN2	0.185173857	2.01E-05	0.000889588	0.594163394	TRUE
GBP1	-0.311235286	3.63E-08	3.23E-06	0.447799121	TRUE
GBP2	-0.319254189	5.21E-14	2.21E-11	0.124672866	TRUE
GBP4	-0.20025943	4.01E-05	0.001609441	0.290396818	TRUE
GBP5	-0.18284882	2.59E-06	0.000150016	0.025087248	TRUE
RPL5	-0.055971015	0.000838814	0.019395713	2.565669219	TRUE
DPYD	-0.113166473	0.000660843	0.016185881	0.173160789	TRUE
CD53	-0.257121879	4.33E-07	2.95E-05	0.259452522	TRUE
DRAM2	-0.108408504	0.000741951	0.017711718	0.17478471	TRUE
C1orf162	-0.216270146	2.77E-06	0.00015953	0.047347095	TRUE
RAP1A	-0.153746542	0.000188743	0.005844674	0.304899185	TRUE
RHOC	0.134768362	8.31E-05	0.00297798	1.126615603	TRUE
PPM1J	0.055273496	0.000713464	0.017250351	0.050382124	TRUE
MAGI3	0.043343349	7.45E-06	0.000381603	0.034989144	TRUE
ATP1A1	0.181216996	0.000226346	0.006742468	0.76746368	TRUE
FAM46C	0.148587038	1.20E-06	7.37E-05	0.182212615	TRUE
TXNIP	-0.357454968	6.86E-09	7.46E-07	0.374060283	TRUE
ACP6	0.086499088	9.60E-08	7.86E-06	0.076647717	TRUE
C1orf54	0.28726382	1.05E-08	1.06E-06	0.518048145	TRUE
ENSA	0.228793031	4.36E-10	6.43E-08	1.046727398	TRUE
S100A10	0.11419428	0.000142511	0.004671996	2.448881197	TRUE
S100A11	-0.263324126	2.19E-16	1.54E-13	1.855655513	TRUE
S100A9	-0.156138305	0.000113051	0.003855345	0.019535247	TRUE
S100A6	-0.282023906	6.30E-11	1.27E-08	1.438869952	TRUE
S100A4	-0.463370616	2.28E-12	6.03E-10	0.197426454	TRUE
S100A13	-0.100340156	0.00263217	0.045430402	0.027047483	TRUE
LAMTOR2	-0.202667732	1.01E-07	8.17E-06	0.33093965	TRUE
LMNA	-0.240389017	0.000400086	0.010712562	0.278190014	TRUE
GLMP	-0.10810117	0.000282861	0.008153423	0.055435022	TRUE
CD1D	-0.071424655	0.001043102	0.022930666	0.013079099	TRUE
RP11-404O13.5	-0.095920067	2.36E-05	0.001015552	0.00650969	TRUE
CD1A	-0.16224701	7.58E-06	0.000387202	0.008451092	TRUE
CD1C	-0.385324437	1.66E-12	4.62E-10	0.061285523	TRUE
CD1B	-0.185974908	3.06E-05	0.00125857	0.120451481	TRUE
CD1E	-0.484377597	5.41E-15	2.70E-12	0.333030414	TRUE
MNDA	-0.177490329	0.000163913	0.005241822	0.369019494	TRUE
IFI16	-0.102158743	0.002688916	0.046081324	0.121845345	TRUE
FCER1A	-0.191230562	2.15E-06	0.00012594	0.003712135	TRUE
DUSP23	-0.086735251	0.002702071	0.046259997	0.046981162	TRUE
SLAMF8	-0.092956889	0.000135161	0.004474303	0.011195932	TRUE
IGSF8	-0.111961544	0.002887198	0.048844127	0.085633545	TRUE
PEA15	-0.183994277	6.11E-07	3.98E-05	1.021848117	TRUE
SLAMF1	-0.135894962	0.000509049	0.013172333	0.078456119	TRUE
FCER1G	-0.587587741	1.58E-18	1.91E-15	0.154557402	TRUE
FCGR2A	-0.285687929	2.76E-12	7.10E-10	0.032959832	TRUE
FCGR2B	-0.211948835	1.41E-08	1.39E-06	0	TRUE
RCSD1	-0.108547268	0.002994611	0.049970914	0.273297625	TRUE
DCAF6	0.112979696	0.002896827	0.048883368	0.524260345	TRUE
RABGAP1L	0.237856007	7.20E-09	7.65E-07	0.606908163	TRUE
ABL2	-0.155138821	0.000220878	0.006637708	0.093176303	TRUE
QSOX1	-0.140778152	0.000109902	0.003770717	0.103174353	TRUE
GLUL	-0.462932874	9.34E-16	6.09E-13	0.523466102	TRUE
RGS16	-0.148377869	0.001745817	0.033397131	0.089066406	TRUE
NCF2	-0.135603664	0.000249806	0.007337876	0.036837375	TRUE
C1orf21	0.138989307	1.79E-05	0.000805744	0.211424538	TRUE
FAM129A	0.297486056	2.64E-09	3.24E-07	0.903021661	TRUE
RGS1	0.14106894	0.000108811	0.003740841	2.092905144	TRUE
RGS13	0.054062408	5.94E-05	0.002244093	0.05388628	TRUE
PTPRC	-0.39560992	3.10E-15	1.70E-12	0.4712859	TRUE
TNNT2	0.090026007	4.14E-06	0.000226537	0.127277817	TRUE
LAD1	0.279158727	1.14E-10	1.99E-08	1.309614524	TRUE
NAV1	0.112881825	0.001488646	0.029894618	0.429099176	TRUE
RAB7B	0.224794248	0.000533746	0.013686027	0.278247327	TRUE
RASSF5	-0.138896439	0.002984756	0.049939415	0.297382576	TRUE
BATF3	0.121608314	0.000497657	0.012976586	0.282190858	TRUE
IARS2	-0.099428573	0.00179742	0.034268242	0.070238385	TRUE
CDC42BPA	0.029019014	0.001660952	0.032320872	0.024127583	TRUE
GUK1	-0.115548942	0.000283661	0.008156415	0.880928555	TRUE
C1orf198	0.030915053	0.001948429	0.036273366	0.03499109	TRUE
KIF26B	0.050765954	0.000134294	0.004461665	0.048443509	TRUE
NLRP3	-0.242255898	3.91E-07	2.71E-05	0.050507875	TRUE
CMPK2	-0.053947932	0.002538321	0.044215822	0.005658554	TRUE
LINC00298	0.021460494	0.000139114	0.004569448	0.014986469	TRUE
ID2	0.20201285	7.21E-09	7.65E-07	2.314759988	TRUE
GEN1	0.046924091	0.001934559	0.036230762	0.049570666	TRUE
LAPTM4A	-0.135784553	0.002043369	0.037672742	0.589104884	TRUE
TP53I3	-0.098988685	0.002251721	0.040342938	0.08641235	TRUE
RAB10	0.26528193	1.06E-09	1.43E-07	1.17389878	TRUE
SNX17	-0.162293406	0.000183057	0.005716507	0.332697628	TRUE
RBKS	-0.149464755	0.001191137	0.025235721	0.097608814	TRUE
PPP1CB	-0.136231352	0.001597178	0.031624497	0.257788851	TRUE
WDR43	-0.070085654	0.000810653	0.018923231	0.029925677	TRUE
RASGRP3	0.115170021	0.000100729	0.003491321	0.237222016	TRUE
EIF2AK2	-0.126796448	7.61E-05	0.002763335	0.045939012	TRUE
GALM	-0.0848415	0.000739281	0.017697849	0.012705531	TRUE
MAP4K3	0.071031798	0.00224217	0.040214335	0.108034425	TRUE
SLC8A1	-0.185123588	4.88E-07	3.28E-05	0.033356945	TRUE
EML4	-0.1944423	1.65E-06	9.84E-05	0.1260493	TRUE
MTA3	0.045609666	0.002413267	0.042385965	0.074409965	TRUE
ZFP36L2	-0.213787122	0.001515877	0.030262189	0.346845683	TRUE
FOXN2	0.201507532	5.86E-06	0.000310121	0.523545707	TRUE
RTN4	0.139270529	0.000417052	0.011036273	1.19836233	TRUE
PNPT1	-0.07240858	0.0002573	0.00750599	0.007152361	TRUE
PELI1	0.267718776	8.62E-10	1.21E-07	1.115970804	TRUE
LGALSL	0.104378333	5.86E-05	0.002217676	0.106193018	TRUE
AFTPH	0.125828159	0.000144275	0.004702528	0.387276297	TRUE
ACTR2	-0.115610744	0.000701213	0.016978377	0.746378105	TRUE
ARHGAP25	-0.146244485	7.11E-06	0.000366228	0.054974066	TRUE
PCBP1	0.140307209	2.06E-10	3.36E-08	2.044149384	TRUE
CLEC4F	-0.052026396	0.001467526	0.029505458	0.004303486	TRUE
CD207	-0.209400323	5.51E-06	0.000294607	0.009437003	TRUE
TEX261	0.027343214	0.001926879	0.036126843	0.02460442	TRUE
DGUOK	-0.132403936	0.000953762	0.021242187	0.309206135	TRUE
HTRA2	-0.089523319	0.002090979	0.038230856	0.069661462	TRUE
DOK1	-0.078456524	0.002118732	0.038406826	0.033651041	TRUE
POLE4	-0.12032377	0.000121174	0.004083062	0.071488263	TRUE
CAPG	-0.221354513	8.53E-06	0.000422652	0.984101535	TRUE
VAMP8	-0.250712056	1.17E-09	1.55E-07	0.613464009	TRUE
LINC00152	-0.124838771	0.00079462	0.018731598	0.090225002	TRUE
IGKV1-17	-0.159575523	0.000808769	0.018923231	0.07426604	TRUE
IGKV3-20	-0.259330681	0.000358229	0.009714592	0.208184495	TRUE
MRPS5	-0.096740546	0.002572633	0.044630043	0.102449174	TRUE
NEURL3	0.131287025	1.28E-06	7.76E-05	0.135062366	TRUE
COX5B	-0.134521339	5.07E-05	0.001977099	1.002108987	TRUE
TBC1D8	0.246671029	9.66E-11	1.71E-08	1.400897946	TRUE
MAP4K4	0.200453609	2.58E-07	1.90E-05	0.391673219	TRUE
IL1R2	-0.133108886	0.000501892	0.013046871	0.038686435	TRUE
LIMS1	-0.172663086	0.000130981	0.004361492	0.360981284	TRUE
BCL2L11	0.134679059	0.000401844	0.010742673	0.528829855	TRUE
IL1B	-0.317890831	0.000632231	0.015643326	0.159617027	TRUE
IL1RN	-0.242359721	5.42E-07	3.59E-05	0.017826278	TRUE
FOXD4L1	0.201711794	7.99E-07	5.05E-05	0.234677447	TRUE
DBI	-0.087065544	4.98E-05	0.001949359	1.60981721	TRUE
HNMT	-0.195465195	7.78E-07	4.94E-05	0.115597237	TRUE
KYNU	-0.18716244	2.87E-05	0.001200034	0.686604995	TRUE
ZEB2	-0.16580578	0.000237355	0.007008591	0.416359456	TRUE
CYTIP	0.130138845	0.000893852	0.020146137	1.388907213	TRUE
CD302	-0.162054025	2.64E-07	1.94E-05	0.028381327	TRUE
LY75	0.306782431	2.56E-13	8.68E-11	1.069786213	TRUE
TANK	0.182288466	9.34E-06	0.000456285	0.74146966	TRUE
WIPF1	-0.182483318	2.11E-05	0.000927838	0.582443969	TRUE
ATP5G3	-0.174695699	3.86E-07	2.69E-05	0.854553174	TRUE
TTN-AS1	0.180536718	1.06E-06	6.54E-05	0.330809492	TRUE
TTN	0.039919111	0.002044895	0.037672742	0.048633017	TRUE
ITGA4	0.13523264	0.001260851	0.026317944	0.931258503	TRUE
PPP1R1C	0.046967309	0.00165901	0.032320175	0.045035172	TRUE
ITGAV	-0.089689975	0.002183345	0.039409498	0.038088248	TRUE
STAT1	-0.254005903	1.27E-06	7.74E-05	0.30587973	TRUE
NABP1	0.213712271	6.00E-06	0.000314793	0.900267328	TRUE
ANKRD44	-0.130796284	0.000176838	0.005581427	0.283201004	TRUE
FTCDNL1	-0.054002983	0.002003882	0.037070496	0.009450881	TRUE
RAPH1	0.198983244	1.96E-07	1.50E-05	0.377922271	TRUE
AC079767.4	0.152907866	0.001142134	0.02447286	0.406983404	TRUE
PIKFYVE	0.406975325	7.54E-17	6.09E-14	0.622024276	TRUE
IKZF2	0.069795057	5.43E-05	0.00210546	0.071206458	TRUE
ACSL3	-0.17318362	0.000115473	0.003922151	0.131640126	TRUE
SP140	0.089079019	0.00187119	0.035356529	0.151151696	TRUE
SP140L	-0.074504728	0.001813743	0.034501835	0.028872992	TRUE
SP100	-0.175970458	2.84E-06	0.000163322	0.188045613	TRUE
NCL	-0.136049743	0.000200306	0.006150329	0.870942226	TRUE
INPP5D	-0.090688189	0.000581731	0.014826694	0.049954083	TRUE
ATG16L1	0.044622087	0.001914999	0.036004045	0.051090657	TRUE
ARL4C	-0.162608697	0.001414175	0.028774128	0.169276859	TRUE
RAMP1	0.344333362	3.81E-08	3.36E-06	0.78560897	TRUE
FARP2	0.172312103	1.63E-05	0.000751866	0.317855493	TRUE
ING5	0.082642894	0.000143576	0.004688763	0.096682408	TRUE
IRAK2	0.147169773	0.001107722	0.023947433	0.376922373	TRUE
SH3BP5	-0.15243977	7.94E-05	0.00285574	0.049957562	TRUE
THRB	0.099414147	4.07E-10	6.06E-08	0.082614654	TRUE
LRRFIP2	0.216925691	5.58E-08	4.78E-06	0.992988886	TRUE
PLCD1	0.05011183	0.00060055	0.015101971	0.062491401	TRUE
OXSR1	0.151251695	4.24E-05	0.001687854	0.373411461	TRUE
RP11-761N21.1	0.25186329	2.03E-24	1.15E-20	0.191680101	TRUE
LZTFL1	0.12570253	6.77E-05	0.002509464	0.193617722	TRUE
CCRL2	-0.137830498	0.00092676	0.020722499	0.151566217	TRUE
GPX1	-0.178999716	0.000677111	0.016536533	0.811519584	TRUE
GNAI2	-0.134482442	0.001010249	0.022401439	0.636574327	TRUE
MAPKAPK3	-0.109938757	0.000836097	0.019359302	0.098946419	TRUE
ACY1	-0.072244684	0.0001848	0.005736598	0.00620142	TRUE
TWF2	-0.153213602	0.000188972	0.005844674	0.449968032	TRUE
TKT	-0.180906609	2.15E-05	0.000939688	0.344745637	TRUE
FLNB	0.130044871	6.91E-09	7.46E-07	0.146211731	TRUE
DNASE1L3	0.308654616	5.65E-12	1.37E-09	0.34876875	TRUE
LRIG1	0.053864042	0.002319482	0.041079319	0.064090461	TRUE
MITF	-0.078492069	9.87E-05	0.003446871	0.012063521	TRUE
FOXP1	0.247359738	7.71E-09	8.02E-07	0.95240754	TRUE
ROBO1	0.138755781	5.21E-09	5.85E-07	0.156204847	TRUE
FILIP1L	-0.216301267	1.59E-05	0.000735379	0.475215819	TRUE
CBLB	0.331490551	3.41E-15	1.81E-12	0.6389143	TRUE
GCSAM	0.30982009	8.76E-13	2.60E-10	0.717959381	TRUE
CD200	0.185507138	1.65E-05	0.000758431	0.648038912	TRUE
BTLA	0.369894809	3.60E-25	3.05E-21	0.39934722	TRUE
POGLUT1	0.126579242	0.002277869	0.040596853	0.905269925	TRUE
NDUFB4	-0.112183299	0.000811416	0.018923231	0.702884403	TRUE
HCLS1	-0.195924369	2.44E-05	0.001043077	0.546894328	TRUE
CSTA	-0.337598863	3.75E-10	5.68E-08	0.694720737	TRUE
PLXNA1	0.084555716	0.000770017	0.018304365	0.10177257	TRUE
MGLL	0.211973899	1.83E-06	0.000107881	1.410019109	TRUE
PLXND1	-0.123915263	0.000593962	0.015029507	0.104431357	TRUE
MRPL3	-0.1247835	0.000355065	0.009659693	0.105314763	TRUE
DNAJC13	-0.088846307	0.000782201	0.018542003	0.038049912	TRUE
RNF7	-0.158383078	0.000102919	0.003552691	0.453129535	TRUE
SLC9A9	0.16492755	0.000385036	0.010358692	0.32936939	TRUE
PLSCR1	-0.359337239	2.00E-10	3.31E-08	0.305403841	TRUE
HPS3	-0.087379739	0.002038603	0.037638661	0.045239998	TRUE
SERP1	-0.110044344	0.000226818	0.006743254	1.404452549	TRUE
EIF2A	-0.123040403	0.000720139	0.017386956	0.225992819	TRUE
P2RY13	-0.106162575	0.000550598	0.014075552	0.050152928	TRUE
RAP2B	0.188076797	9.20E-06	0.000451771	0.657997928	TRUE
SSR3	-0.221363286	5.66E-09	6.31E-07	0.836582486	TRUE
MFSD1	-0.181201243	9.95E-05	0.003462768	0.209690056	TRUE
TNFSF10	-0.107211591	9.12E-05	0.00322576	0.017808054	TRUE
NDUFB5	-0.173716799	1.20E-05	0.000567614	0.384806187	TRUE
MCCC1	-0.073951256	0.002057761	0.037786559	0.026284135	TRUE
B3GNT5	-0.236423341	4.53E-08	3.95E-06	0.093142859	TRUE
AP2M1	-0.123687608	0.000477608	0.012530914	0.561421413	TRUE
MAP3K13	0.152516839	0.000482436	0.012638024	0.861918131	TRUE
LPP	0.089244831	0.002769087	0.047264108	0.311409581	TRUE
CCDC50	-0.131430587	0.001224314	0.025777509	0.291040833	TRUE
ATP13A3	-0.077235131	0.00129314	0.026892542	0.023548064	TRUE
C4orf48	-0.180567828	6.75E-06	0.000349637	0.359753186	TRUE
LRPAP1	-0.137889381	0.001240119	0.026045567	0.252366855	TRUE
CLNK	0.09679241	4.56E-10	6.66E-08	0.074867874	TRUE
LAP3	-0.12002492	0.001300667	0.027015939	1.078213746	TRUE
ARAP2	0.149346089	0.000376779	0.010152675	0.68495564	TRUE
KLF3	0.122506872	0.002833529	0.048218357	0.352941888	TRUE
RBM47	-0.203377581	8.37E-06	0.000421097	0.213832547	TRUE
LIMCH1	0.299258892	3.37E-10	5.20E-08	0.68860171	TRUE
OCIAD1	-0.133926455	0.002267944	0.040590687	0.254599311	TRUE
KIAA1211	0.068219398	0.00291535	0.049117559	0.094042431	TRUE
RUFY3	0.136185866	0.000681379	0.016616819	0.386118899	TRUE
GRSF1	0.292261112	5.79E-14	2.39E-11	1.872824775	TRUE
MOB1B	0.150604841	0.000507385	0.013149334	0.536000608	TRUE
CXCL8	-0.304845151	0.000583758	0.014856023	0.211265336	TRUE
CXCL3	-0.111592213	0.001939524	0.036257888	0.056037311	TRUE
CXCL2	-0.279929997	7.19E-07	4.61E-05	0.064719492	TRUE
EREG	-0.198432992	9.01E-05	0.003194388	0.020430745	TRUE
G3BP2	0.257544778	3.52E-09	4.09E-07	0.822982683	TRUE
CXCL11	-0.111457656	0.002067603	0.037844279	0.064328124	TRUE
SCARB2	-0.084628681	0.000773467	0.018360634	0.047397517	TRUE
ANXA3	-0.146333864	0.002624066	0.045336685	0.171553703	TRUE
RASGEF1B	-0.185666145	0.000294882	0.008357784	0.166946894	TRUE
GPAT3	-0.088152335	0.00220257	0.039672012	0.035537955	TRUE
HSD17B11	-0.117938983	0.000120966	0.004083062	0.16454712	TRUE
PPM1K	0.141180205	0.000330226	0.009160401	0.66577453	TRUE
PYURF	-0.127551363	0.000287678	0.008222365	0.232317132	TRUE
TIGD2	0.089122524	0.000390676	0.01047717	0.124244233	TRUE
GPRIN3	-0.11439739	0.001211419	0.025569748	0.110695084	TRUE
DAPP1	0.217583029	7.11E-10	1.01E-07	1.552545853	TRUE
H2AFZ	0.173024783	8.89E-08	7.42E-06	2.180543646	TRUE
AF213884.2	-0.121878018	1.52E-05	0.000704487	0.019865549	TRUE
C4orf3	-0.140413608	7.52E-05	0.00273387	1.046219684	TRUE
ANXA5	-0.176824821	9.33E-05	0.003295919	0.825540702	TRUE
NOCT	0.159055929	2.36E-07	1.77E-05	0.223769373	TRUE
MGST2	-0.120824913	0.000246951	0.007266617	0.066930735	TRUE
MAML3	-0.049750537	0.001768058	0.033784461	0.004103284	TRUE
IL15	0.188165752	6.94E-05	0.002562272	0.752686041	TRUE
INPP4B	0.049064058	0.000315391	0.00883564	0.044445475	TRUE
SMARCA5	0.172265743	5.52E-05	0.002130116	0.604057538	TRUE
ZNF827	0.038271101	0.001522162	0.030351911	0.048627918	TRUE
TLR2	-0.078492806	0.000263793	0.007669014	0.008599127	TRUE
CASP3	0.190788389	3.27E-07	2.34E-05	0.360501617	TRUE
CTD-2231H16.1	0.026244481	0.000139114	0.004569448	0.018357757	TRUE
CCDC127	0.080434935	0.001685773	0.032653896	0.119026497	TRUE
FAM105A	-0.088821983	0.00089576	0.020162331	0.035805054	TRUE
OTULIN	0.084763135	0.001701541	0.032814379	0.185902154	TRUE
SLC1A3	-0.153296758	0.001642652	0.032038333	0.158364474	TRUE
FYB	-0.345101318	4.08E-13	1.36E-10	0.097490048	TRUE
ANKRD55	0.207280361	8.79E-12	2.07E-09	0.242960695	TRUE
GPBP1	0.151806482	1.94E-05	0.000861092	1.056748824	TRUE
KIF2A	0.32299961	1.03E-12	3.02E-10	1.666154727	TRUE
CCNH	-0.227551802	2.08E-08	1.96E-06	0.103784429	TRUE
MCTP1	-0.161126384	5.00E-05	0.001952382	0.055470042	TRUE
GLRX	-0.268547997	3.39E-11	7.08E-09	0.031949045	TRUE
CAST	-0.121277751	0.001143585	0.024473007	0.62113463	TRUE
ERAP2	-0.146991944	6.94E-05	0.002562272	0.087545985	TRUE
ST8SIA4	0.248419517	7.56E-09	7.96E-07	1.019983812	TRUE
CAMK4	0.094827833	1.28E-08	1.27E-06	0.084876681	TRUE
EPB41L4A	0.074945809	0.000853975	0.019559486	0.084146018	TRUE
REEP5	-0.133373191	0.00149644	0.0299801	0.360612478	TRUE
SEMA6A	0.053897202	7.09E-06	0.000366228	0.041580275	TRUE
SNX2	-0.131626065	0.001424462	0.028879427	0.36951646	TRUE
SLC12A2	0.089922614	9.88E-06	0.0004773	0.09511013	TRUE
UQCRQ	-0.122848392	0.002049322	0.037713311	0.518896019	TRUE
FSTL4	0.019210225	0.001304044	0.027019862	0.013404559	TRUE
H2AFY	-0.16488034	5.98E-05	0.002253122	0.555759274	TRUE
TGFBI	-0.143070256	4.62E-06	0.000250366	0.010802574	TRUE
TMEM173	-0.104115051	0.000529282	0.013612744	0.056540258	TRUE
HBEGF	-0.182304092	9.43E-08	7.80E-06	0.020942644	TRUE
SRA1	-0.159691057	2.43E-05	0.001041178	0.2129243	TRUE
EIF4EBP3	-0.069790609	0.001087832	0.023729298	0.014423076	TRUE
CD14	-0.093476638	0.002837731	0.048241431	0.015599888	TRUE
CSF1R	-0.162353573	5.22E-06	0.000280552	0.013342911	TRUE
SMIM3	-0.229098094	6.54E-08	5.54E-06	0.081859157	TRUE
ANXA6	0.395975426	1.01E-18	1.32E-15	1.654566254	TRUE
SLC36A1	0.057566463	0.000597467	0.015069145	0.06066503	TRUE
G3BP1	0.118822823	0.002897354	0.048883368	0.714227915	TRUE
CYFIP2	0.097106225	2.60E-05	0.001097191	0.140821279	TRUE
RP11-524N5.1	0.070964479	2.42E-07	1.80E-05	0.057023733	TRUE
IL12B	0.415668487	2.74E-17	2.32E-14	0.388263209	TRUE
LCP2	-0.243035054	3.20E-09	3.80E-07	0.039798343	TRUE
SH3PXD2B	-0.076484269	0.000262348	0.007640095	0.002348436	TRUE
DUSP1	0.137001572	0.001034219	0.022794505	2.787028786	TRUE
ERGIC1	0.133307094	0.001371294	0.028111404	0.453589505	TRUE
ATP6V0E1	0.137803054	3.82E-07	2.68E-05	1.728814569	TRUE
CLTB	-0.125264988	0.001701802	0.032814379	0.332196453	TRUE
PRELID1	-0.261809044	2.80E-08	2.59E-06	0.283928536	TRUE
MGAT4B	0.058176297	9.67E-06	0.000469792	0.06764938	TRUE
SQSTM1	0.175496735	1.21E-06	7.39E-05	2.276048212	TRUE
RNF130	-0.312481704	3.63E-12	9.17E-10	0.212491883	TRUE
SERPINB9	0.168987047	0.001255587	0.02624038	1.067380828	TRUE
TUBB2A	0.182182921	0.000162437	0.005214304	0.578227955	TRUE
NEDD9	-0.051224678	0.002940745	0.049398104	0.021414194	TRUE
BTN2A2	0.11242681	0.002898565	0.048883368	0.482645354	TRUE
HIST1H2BK	0.142664667	0.000197651	0.00607983	0.369908983	TRUE
UBD	-0.203518265	9.65E-05	0.003394874	1.52003776	TRUE
HLA-F	0.093833486	0.002638983	0.045455403	1.128437026	TRUE
HLA-G	0.043789071	0.001892866	0.035686523	0.041406063	TRUE
HLA-A	0.07475236	3.72E-07	2.63E-05	3.392519522	TRUE
HLA-E	0.072351271	0.001370902	0.028111404	1.913486465	TRUE
IER3	-0.190434183	0.000289148	0.008236591	1.121189128	TRUE
HLA-C	0.076423688	8.05E-06	0.00040835	3.327189294	TRUE
HLA-B	0.061601016	3.91E-07	2.71E-05	3.868265523	TRUE
LST1	-0.322672867	1.03E-11	2.39E-09	0.226873363	TRUE
AIF1	-0.412833257	9.57E-09	9.77E-07	0.229376809	TRUE
CLIC1	-0.30058965	4.28E-14	1.86E-11	1.01498299	TRUE
GPSM3	-0.204002867	3.29E-06	0.000187683	0.533128273	TRUE
HLA-DQB1	-0.115900355	0.00211869	0.038406826	2.517117791	TRUE
HLA-DQA2	-0.234793146	0.000180605	0.005658172	0.701129823	TRUE
HLA-DOB	0.245427327	3.30E-07	2.35E-05	0.627100702	TRUE
PSMB9	-0.142642495	6.65E-05	0.002472663	0.940936231	TRUE
HLA-DMB	-0.379182528	5.98E-14	2.42E-11	0.290146388	TRUE
HLA-DMA	-0.288583477	7.77E-11	1.43E-08	0.992140123	TRUE
BRD2	0.150000513	0.000297829	0.008427228	1.084829717	TRUE
NUDT3	-0.141491897	0.000225285	0.006734322	0.216979975	TRUE
DEF6	-0.12902708	2.97E-05	0.001234014	0.061497947	TRUE
FKBP5	-0.144443763	0.002104708	0.038357745	0.707657826	TRUE
TREM2	-0.231942411	5.97E-09	6.57E-07	0.034454892	TRUE
TREM1	-0.082786172	0.000146826	0.004763849	0.002051392	TRUE
CNPY3	-0.143644113	0.000595747	0.01504816	0.347151845	TRUE
VEGFA	-0.285386577	1.11E-09	1.48E-07	0.122227873	TRUE
NFKBIE	-0.133161535	0.002745995	0.046917208	0.219301329	TRUE
PLA2G7	-0.084457186	9.87E-05	0.003446871	0	TRUE
DST	0.15687983	2.94E-07	2.15E-05	0.276683743	TRUE
FAM135A	0.084425253	0.002929778	0.049311627	0.181299035	TRUE
CD109	-0.089991354	0.000641441	0.015825013	0.008648155	TRUE
HMGN3	0.19135786	4.54E-06	0.000246461	1.506907997	TRUE
SLC16A10	-0.101776346	0.000417385	0.011036273	0.032269695	TRUE
FAM26F	-0.331242641	1.85E-08	1.79E-06	0.237114053	TRUE
ZUFSP	0.068370738	0.002435322	0.042729058	0.131908031	TRUE
NCOA7	0.245928551	8.49E-13	2.57E-10	0.41578418	TRUE
PTPRK	0.103645266	4.44E-07	3.01E-05	0.105700226	TRUE
ARHGAP18	-0.120949666	0.000336356	0.009269744	0.065091464	TRUE
EYA4	0.148956689	0.000162027	0.005210984	0.274584928	TRUE
PPP1R14C	0.02887728	0.000331452	0.009179393	0.027928817	TRUE
PLEKHG1	0.155773069	2.00E-07	1.52E-05	0.232053199	TRUE
ZBTB2	0.06717982	0.00018427	0.005731944	0.077604057	TRUE
TIAM2	0.106065674	5.23E-06	0.000280552	0.129984596	TRUE
DYNLT1	-0.119459843	0.002995483	0.049970914	0.535176105	TRUE
SYTL3	-0.13596596	0.001228149	0.025826171	0.196206902	TRUE
TAGAP	-0.175561634	1.01E-07	8.17E-06	0.034079217	TRUE
SOD2	-0.238595199	3.04E-05	0.001252501	1.315346527	TRUE
RNASET2	-0.204691591	7.43E-05	0.002713046	0.238389947	TRUE
GPR31	0.056426881	0.001251041	0.026177654	0.055265812	TRUE
C7orf50	-0.116724985	0.001420399	0.028831541	0.192843617	TRUE
NUDT1	-0.122225507	0.000659994	0.016185881	0.157875373	TRUE
SNX8	-0.130197359	0.002445865	0.042869657	0.213810901	TRUE
CCZ1	0.038134613	0.000786336	0.01858803	0.036335638	TRUE
EIF2AK1	0.110333761	0.0012494	0.026175623	0.288684226	TRUE
TSPAN13	0.334200563	5.44E-13	1.77E-10	0.820754022	TRUE
MACC1	-0.064935841	0.001901494	0.035809357	0.006885658	TRUE
CCDC126	0.080290772	2.29E-05	0.000989419	0.09032846	TRUE
NFE2L3	-0.139933632	1.04E-05	0.000500253	0.045279466	TRUE
SNX10	-0.127298433	0.002455558	0.042995096	0.156231236	TRUE
AOAH	-0.249097164	5.53E-13	1.77E-10	0.006258237	TRUE
INHBA	-0.178940326	1.90E-05	0.000851305	0.055171315	TRUE
MRPS24	-0.112718155	0.000347445	0.009498143	0.141360607	TRUE
H2AFV	0.130562615	0.000207999	0.006329229	1.16536707	TRUE
TNS3	-0.112148496	9.88E-05	0.003446871	0.064742308	TRUE
LANCL2	0.118457503	1.44E-05	0.000674413	0.153479226	TRUE
VOPP1	0.190763005	1.96E-08	1.88E-06	1.419103558	TRUE
TPST1	0.205171713	4.63E-08	4.03E-06	0.253328102	TRUE
AUTS2	0.12781924	1.52E-08	1.50E-06	0.150912265	TRUE
FGL2	-0.319881665	2.62E-09	3.24E-07	0.055914834	TRUE
TFPI2	0.442302126	2.74E-11	5.89E-09	0.637466795	TRUE
GNG11	0.114326009	0.000591234	0.015011931	0.216227753	TRUE
COL1A2	0.120106058	3.57E-08	3.20E-06	0.095800753	TRUE
ARPC1B	-0.211070712	2.60E-09	3.24E-07	1.160832859	TRUE
ATP5J2	-0.116737166	0.001115313	0.024050171	0.884565377	TRUE
PILRA	-0.204553309	9.14E-11	1.67E-08	0.002747443	TRUE
MUC12	0.055552885	0.00229401	0.040755955	0.057590714	TRUE
FIS1	-0.196155762	3.03E-07	2.19E-05	0.422605311	TRUE
RASA4	-0.086190894	0.002169917	0.039208873	0.030078439	TRUE
RP11-325F22.2	-0.093049028	0.000251829	0.00738452	0.027434479	TRUE
CDHR3	0.071625179	0.001727603	0.03316097	0.090533952	TRUE
SYPL1	-0.081200204	0.001829943	0.034732033	0.038415624	TRUE
DNAJB9	0.165820608	0.000100562	0.003491321	0.475009122	TRUE
DOCK4	-0.094584403	0.000148674	0.004799778	0.015774419	TRUE
TES	0.160624672	6.09E-05	0.002286874	0.887332909	TRUE
CAV1	0.084426532	0.000108492	0.003737471	0.08916594	TRUE
CAPZA2	-0.122715489	0.002368566	0.04179922	0.316082616	TRUE
ST7	0.204834061	7.39E-13	2.32E-10	0.231737834	TRUE
TBXAS1	-0.152052961	3.20E-08	2.92E-06	0.026884295	TRUE
GSTK1	-0.140510653	0.000285323	0.008168812	0.630051325	TRUE
TPK1	-0.07148803	0.001715579	0.033029504	0.027662574	TRUE
GIMAP4	-0.083207936	0.000163342	0.00523343	0.010067874	TRUE
TMEM176B	-0.465173096	1.84E-20	3.12E-17	1.074360612	TRUE
TMEM176A	-0.39245461	1.87E-13	6.59E-11	1.228973784	TRUE
PRKAG2-AS1	-0.145630091	1.96E-05	0.000868371	0.064281162	TRUE
IL3RA	-0.107412444	0.000939807	0.02098654	0.048338347	TRUE
CD99	-0.229495586	3.92E-08	3.45E-06	0.2009229	TRUE
TMSB4X	0.062217646	3.57E-09	4.12E-07	4.897183329	TRUE
RAB9A	0.215781023	4.89E-08	4.20E-06	1.510459713	TRUE
MOSPD2	0.180337802	5.66E-06	0.000300793	0.42602008	TRUE
ACOT9	0.135332186	0.000799621	0.0187972	0.716717449	TRUE
DMD	0.116341136	1.12E-07	8.92E-06	0.12792133	TRUE
CYBB	-0.220900166	1.04E-09	1.41E-07	0.014036198	TRUE
ATP6AP2	-0.15136681	0.000735614	0.01763496	0.250836847	TRUE
CHST7	0.200590541	5.13E-07	3.44E-05	0.407389356	TRUE
SLC9A7	0.203723152	8.29E-09	8.52E-07	0.275321001	TRUE
CFP	-0.272965038	2.14E-08	2.01E-06	0.531357226	TRUE
WAS	-0.207241917	2.97E-07	2.16E-05	0.168260005	TRUE
PAGE2	0.047131616	3.82E-06	0.000210976	0.03440027	TRUE
KLF8	0.059116517	0.001511118	0.03020275	0.07832537	TRUE
LINC01420	-0.133595961	0.000841465	0.019404063	0.305630765	TRUE
VSIG4	-0.071743171	0.000227573	0.006743254	0	TRUE
COX7B	-0.143039477	0.000114437	0.003894749	0.623403777	TRUE
P2RY10	0.205556242	3.63E-07	2.58E-05	0.448138021	TRUE
SH3BGRL	-0.190285574	3.19E-08	2.92E-06	0.89693464	TRUE
BTK	-0.129319092	1.76E-05	0.000796279	0.056124868	TRUE
ZCCHC18	0.025039564	0.000499369	0.013001235	0.021292878	TRUE
NXT2	0.10371095	0.000667086	0.01631522	0.155387142	TRUE
WDR44	0.095655476	0.001163343	0.024816774	0.18682611	TRUE
SLC25A5	-0.108346565	0.001128819	0.024248859	1.122619247	TRUE
CXorf40A	0.116152645	0.001086498	0.023729298	0.295532285	TRUE
FAM58A	-0.108464666	0.00209441	0.038252314	0.109802509	TRUE
BCAP31	-0.127434525	0.000861485	0.019678304	0.465369397	TRUE
IDH3G	-0.113263532	0.001501849	0.030052932	0.319642391	TRUE
ATP6AP1	-0.164220336	0.000625741	0.015530262	0.330072898	TRUE
CLIC2	0.225188437	5.70E-09	6.31E-07	1.346896185	TRUE
FBXO25	0.076456549	0.00137077	0.028111404	0.131015722	TRUE
SGK223	0.129315862	7.86E-06	0.000400292	0.168630617	TRUE
CTSB	-0.527086665	2.26E-21	4.25E-18	0.551486183	TRUE
MSR1	-0.088643802	0.0005501	0.014075552	0.006627373	TRUE
ASAH1	-0.208981759	1.29E-05	0.000608054	0.221551917	TRUE
ATP6V1B2	-0.214660161	1.24E-05	0.000585175	0.355050262	TRUE
DOK2	-0.218758331	7.70E-08	6.46E-06	0.125437793	TRUE
PNOC	0.260677932	5.38E-15	2.70E-12	0.20339148	TRUE
DUSP4	0.383692582	6.68E-18	7.08E-15	1.966779678	TRUE
RAB11FIP1	0.1879926	0.000128087	0.004273515	0.820607395	TRUE
IDO1	0.241420088	7.51E-07	4.81E-05	2.275212476	TRUE
MRPL15	-0.093489498	0.000727224	0.017533023	0.065787038	TRUE
NSMAF	0.103735078	0.00031423	0.008817691	0.173470191	TRUE
TOX	0.083204712	9.85E-08	8.03E-06	0.074665156	TRUE
RP11-25K19.1	0.039381754	0.000340944	0.00935058	0.037121475	TRUE
TMEM70	-0.134031522	0.001094711	0.023787368	0.131214484	TRUE
LY96	-0.137657055	0.000886828	0.020094725	0.270326918	TRUE
HEY1	0.052742302	0.002881809	0.048843782	0.065039114	TRUE
CPNE3	0.262968449	1.48E-09	1.92E-07	0.358314266	TRUE
DECR1	-0.130651503	0.000219674	0.006613251	0.140409501	TRUE
PABPC1	0.079395086	2.07E-05	0.000909829	2.912864421	TRUE
KLF10	-0.165007554	0.000386414	0.010379292	0.262053136	TRUE
ENY2	-0.157214626	5.68E-05	0.002172426	0.490144312	TRUE
TRIB1	0.14756535	0.001408306	0.02868915	0.700636045	TRUE
SLA	-0.076724328	0.001096108	0.023787368	0.019404446	TRUE
ST3GAL1	0.15206882	0.00023934	0.00705491	0.594171901	TRUE
PTK2	0.047539207	0.000298743	0.008438984	0.05206299	TRUE
LY6E	-0.260152892	1.74E-06	0.000103265	0.306276195	TRUE
GRINA	-0.231126944	1.21E-13	4.55E-11	1.56255871	TRUE
ZNF250	0.098078219	3.57E-06	0.000200569	0.1124271	TRUE
FOXD4	0.106472674	7.89E-05	0.002846554	0.126246031	TRUE
PDCD1LG2	-0.15996917	0.000647144	0.015919372	0.178959427	TRUE
TMEM261	-0.096037559	0.000495229	0.012933196	0.059948412	TRUE
PLIN2	-0.164847167	0.000338838	0.009307897	0.134091147	TRUE
HACD4	-0.08404274	0.001670472	0.032431659	0.033552047	TRUE
B4GALT1	-0.16852202	0.000409012	0.010848734	0.139225077	TRUE
ANKRD20A2	0.035488186	0.000338308	0.009307897	0.034366768	TRUE
FAM95B1	0.06389801	4.90E-05	0.001924205	0.055864239	TRUE
ANKRD20A4	0.05569235	8.09E-07	5.10E-05	0.042848092	TRUE
FOXD4L4	0.241470441	2.58E-17	2.30E-14	0.197128097	TRUE
ANKRD20A3	0.039902908	0.00082526	0.019187005	0.037613616	TRUE
ANKRD20A1	0.070324687	8.69E-06	0.000429576	0.063026591	TRUE
FOXD4L3	0.183594255	1.26E-12	3.61E-10	0.157979048	TRUE
FAM122A	-0.06249119	0.000804715	0.018890733	0.011496941	TRUE
TJP2	0.131374022	5.93E-08	5.05E-06	0.160188404	TRUE
ANXA1	-0.357764146	2.01E-10	3.31E-08	0.359178456	TRUE
NMRK1	0.31176114	2.41E-11	5.30E-09	0.811384403	TRUE
OSTF1	0.182097832	2.38E-07	1.78E-05	1.387530618	TRUE
RFK	0.114591398	0.001217159	0.025658741	0.188866656	TRUE
GCNT1	0.103226152	0.00022753	0.006743254	0.105692051	TRUE
CKS2	0.163612215	0.002237665	0.04020801	0.655209258	TRUE
FBP1	-0.146552144	3.08E-07	2.21E-05	0.007877591	TRUE
SEC61B	0.156361348	4.05E-09	4.60E-07	2.17955885	TRUE
ABCA1	-0.155196312	0.000474269	0.01246262	0.075779215	TRUE
TXN	0.275357777	4.20E-20	6.47E-17	4.347228449	TRUE
GNG10	-0.151087205	0.000699685	0.016965614	0.153353232	TRUE
SLC31A1	-0.060646877	0.002233858	0.04019284	0.013450654	TRUE
CDC26	-0.136519782	8.62E-05	0.003064659	0.133408061	TRUE
ATP6V1G1	-0.179500769	6.10E-07	3.98E-05	1.11279381	TRUE
ENG	-0.118900888	5.63E-05	0.002159348	0.049873262	TRUE
FNBP1	0.147059513	9.84E-07	6.15E-05	1.546904817	TRUE
CARD9	-0.070081137	0.000494155	0.012925052	0.012971218	TRUE
CLIC3	0.087603664	0.000844734	0.019426592	0.106431158	TRUE
FUT7	0.134618112	0.000176382	0.005577433	0.24191853	TRUE
GRIN1	0.046970213	0.00229401	0.040755955	0.049585213	TRUE
TOR4A	-0.063001367	0.002273257	0.040596853	0.015205034	TRUE
IFITM2	-0.364327027	2.53E-09	3.18E-07	0.441579126	TRUE
IFITM1	-0.249002066	1.12E-05	0.000536802	0.118441599	TRUE
IFITM3	-0.629331738	1.55E-22	4.38E-19	0.57999547	TRUE
ANO9	0.066178276	0.002302811	0.040869467	0.09817947	TRUE
LSP1	0.106555364	5.38E-07	3.57E-05	3.131766936	TRUE
CD81	-0.138908433	0.002675248	0.045939999	0.189138267	TRUE
PHLDA2	-0.160641295	0.001161802	0.024816774	0.316240614	TRUE
TRIM22	-0.161338089	0.000329855	0.009160401	0.286511712	TRUE
RPL27A	0.098235816	0.000891598	0.020122091	1.708131346	TRUE
IPO7	-0.151046151	7.29E-05	0.002674158	0.20787421	TRUE
RNF141	0.084372873	0.002526671	0.044058176	0.182911884	TRUE
LYVE1	0.115269257	6.53E-06	0.000340415	0.099308216	TRUE
C11orf58	-0.108308976	0.001948924	0.036273366	0.617669139	TRUE
NUCB2	-0.063189093	0.002687591	0.046081324	0.009846997	TRUE
LDHA	-0.234374471	3.03E-08	2.79E-06	1.254764025	TRUE
CAT	-0.147688874	0.000613758	0.015343039	0.289433849	TRUE
CD44	-0.317892238	5.44E-10	7.88E-08	0.832730761	TRUE
LDLRAD3	0.152884567	3.41E-06	0.00019356	0.220351449	TRUE
MDK	0.098814433	5.74E-05	0.00219078	0.125822369	TRUE
SPI1	-0.270473925	1.57E-10	2.68E-08	0.921778818	TRUE
SLC43A3	-0.081068685	0.000226353	0.006742468	0.00944389	TRUE
UBE2L6	-0.184971417	4.19E-05	0.001672987	0.387005779	TRUE
C11orf31	-0.171615867	2.61E-05	0.001100012	0.512211436	TRUE
CTNND1	-0.107339857	0.0029619	0.049605973	0.082857349	TRUE
LPXN	-0.126827115	0.001211429	0.025569748	0.093237848	TRUE
MS4A6A	-0.337454028	2.64E-10	4.17E-08	0.034384325	TRUE
MS4A4A	-0.090740169	0.000268525	0.00779321	0.008610555	TRUE
MS4A7	-0.37202746	7.64E-11	1.43E-08	0.145431556	TRUE
FTH1	-0.122304767	7.89E-15	3.82E-12	4.727982126	TRUE
RARRES3	-0.21760897	1.20E-06	7.37E-05	0.14594451	TRUE
PLA2G16	0.431861865	1.52E-14	7.15E-12	0.976663721	TRUE
NRXN2	0.074948121	3.03E-05	0.00125127	0.07946708	TRUE
MALAT1	0.069230091	7.67E-13	2.36E-10	5.546764036	TRUE
BANF1	-0.127900548	0.002005643	0.037070496	0.414489954	TRUE
KLC2	0.067648051	0.001167919	0.024868156	0.087662906	TRUE
GSTP1	0.129979405	3.34E-09	3.94E-07	3.045968855	TRUE
UNC93B1	-0.112306053	0.000843645	0.019426592	0.049288444	TRUE
NDUFS8	-0.161011696	2.87E-05	0.001200034	0.395297135	TRUE
TCIRG1	-0.143099069	0.000510838	0.013198453	0.202854584	TRUE
ARRB1	-0.077215052	0.000812572	0.018923231	0.028906967	TRUE
GDPD5	0.026525889	0.001867094	0.035318499	0.02390262	TRUE
PICALM	-0.173190945	0.000173839	0.005517609	0.213763473	TRUE
CTSC	-0.348242664	2.45E-13	8.49E-11	0.732995285	TRUE
SMCO4	-0.145104946	0.00195815	0.036351239	0.436378148	TRUE
TRPC6	-0.060057667	0.000847484	0.019437077	0.005258953	TRUE
BIRC3	0.185495434	1.89E-11	4.29E-09	3.188082652	TRUE
TMEM123	0.198135954	3.34E-06	0.000190096	1.001146739	TRUE
CASP4	-0.243998426	5.77E-11	1.18E-08	0.167017389	TRUE
CASP1	-0.238804579	9.59E-11	1.71E-08	0.044539225	TRUE
CARD16	-0.407282337	9.70E-17	7.47E-14	0.446785369	TRUE
IL18	-0.195982085	5.94E-06	0.000312534	0.228444224	TRUE
CADM1	0.187817114	3.60E-16	2.44E-13	0.15991621	TRUE
JAML	-0.323613705	6.72E-11	1.34E-08	0.097042511	TRUE
TMEM136	0.102659224	0.000216504	0.006541039	0.207437781	TRUE
SORL1	-0.17660275	1.87E-07	1.43E-05	0.050897234	TRUE
ROBO3	-0.040703671	0.00258045	0.044719877	0.004427194	TRUE
DCPS	-0.082617698	0.000903471	0.02030893	0.028344753	TRUE
ST14	-0.067946852	7.47E-05	0.002722767	0	TRUE
VPS26B	-0.084688822	0.000146645	0.004763849	0.022572287	TRUE
NET1	0.232476303	4.55E-07	3.07E-05	0.995306993	TRUE
GDI2	-0.142516456	3.68E-05	0.001489848	1.012424886	TRUE
ATP5C1	-0.12864135	0.000223145	0.00669396	0.570122181	TRUE
UPF2	0.163510552	8.51E-05	0.003040963	0.385011347	TRUE
DHTKD1	0.069225931	0.001418687	0.028831334	0.09835155	TRUE
CDC123	-0.117309526	0.002063944	0.037844279	0.192963964	TRUE
CAMK1D	-0.178037575	3.52E-06	0.000198634	0.235085464	TRUE
OPTN	0.189980016	1.38E-07	1.07E-05	0.346073275	TRUE
FRMD4A	0.079919729	0.001029337	0.022746074	0.171179008	TRUE
MRC1	-0.143395409	0.000285055	0.008168812	0.019944673	TRUE
PLXDC2	-0.223735017	1.21E-09	1.59E-07	0.047226123	TRUE
APBB1IP	-0.121882864	0.000329121	0.009159716	0.078072461	TRUE
ZEB1	0.156295203	6.41E-05	0.002387374	0.44638836	TRUE
ALOX5	-0.322683781	9.74E-14	3.84E-11	0.225512363	TRUE
FAM21C	-0.120425994	0.001634061	0.032038333	0.224615631	TRUE
NCOA4	-0.246351245	1.84E-08	1.79E-06	0.258609471	TRUE
MAPK8	0.140955746	4.38E-05	0.001732673	0.319254471	TRUE
WDFY4	0.3502404	5.84E-18	6.59E-15	0.406883551	TRUE
CCDC6	0.102609596	0.001947343	0.036273366	0.23711851	TRUE
JMJD1C-AS1	0.05207278	0.0017237	0.033123565	0.079225725	TRUE
REEP3	0.28088203	3.01E-09	3.60E-07	0.742430298	TRUE
H2AFY2	0.422084378	8.21E-18	8.19E-15	0.69999029	TRUE
AIFM2	0.086187535	2.53E-05	0.001075469	0.088837273	TRUE
PCBD1	-0.118313667	0.002273467	0.040596853	0.308730222	TRUE
PSAP	-0.219174577	5.88E-06	0.000310476	1.13574333	TRUE
DDIT4	-0.169441189	0.001076908	0.023582067	0.610830817	TRUE
VDAC2	0.166836091	1.19E-07	9.40E-06	1.543951203	TRUE
C10orf11	-0.205122085	7.05E-11	1.36E-08	0.032141659	TRUE
KCNMA1	-0.099069989	0.000175013	0.005544476	0.045306096	TRUE
ANXA11	-0.170003653	8.52E-06	0.000422652	0.774712898	TRUE
GLUD1	-0.124034898	0.001334662	0.027586816	0.319182656	TRUE
ANKRD22	-0.182127837	2.06E-05	0.000909104	0.121225264	TRUE
MYOF	-0.058997702	0.002949658	0.049498769	0.008472947	TRUE
ENTPD1	-0.157510389	0.001639314	0.032038333	0.133191005	TRUE
PIK3AP1	-0.072999819	0.002608279	0.045109914	0.02560064	TRUE
ENTPD7	0.074693997	0.002327584	0.041179776	0.122605567	TRUE
ERLIN1	0.115162539	3.74E-06	0.00020718	0.135263417	TRUE
SFR1	-0.072862599	0.001426356	0.028883274	0.025019742	TRUE
GSTO1	-0.273277874	2.83E-10	4.44E-08	0.333872927	TRUE
DUSP5	0.132008609	0.001669472	0.032431659	1.957975515	TRUE
SHTN1	0.236535242	5.13E-09	5.79E-07	0.463359457	TRUE
RP11-598F7.3	0.066837824	0.000689655	0.016794477	0.085292663	TRUE
WNK1	0.136349142	0.000695815	0.016895949	0.432401033	TRUE
CD9	-0.123408288	0.001997758	0.037005462	0.102022718	TRUE
GAPDH	-0.128683951	4.28E-11	8.84E-09	2.923416197	TRUE
CD4	-0.260910029	4.06E-10	6.06E-08	0.18779543	TRUE
TPI1	-0.10090614	3.61E-05	0.001465144	1.740936415	TRUE
PTPN6	-0.184695345	4.03E-06	0.000220952	0.123058853	TRUE
CD163	-0.082520384	0.000361253	0.009780949	0.004242825	TRUE
SLC2A3	-0.170726003	0.002545345	0.04424724	0.265427127	TRUE
C3AR1	-0.075491252	0.000335928	0.009269744	0.001988777	TRUE
CLEC4A	-0.223351543	9.54E-11	1.71E-08	0.009559364	TRUE
CLEC4E	-0.07629028	0.00084086	0.019404063	0.005915932	TRUE
A2M	-0.19242352	5.84E-05	0.002217676	0.092310991	TRUE
CLEC2D	0.347180909	3.06E-15	1.70E-12	0.367959108	TRUE
CLEC2B	-0.172231335	3.55E-06	0.000199852	0.068753816	TRUE
CLEC7A	-0.136874417	0.0025856	0.044763365	0.151168766	TRUE
OLR1	-0.214866972	1.11E-07	8.88E-06	0.032392204	TRUE
GABARAPL1	-0.151965355	0.000619347	0.015459959	0.157910424	TRUE
PRR4	0.069308908	8.14E-05	0.00292221	0.11308251	TRUE
BCL2L14	0.328374951	1.45E-10	2.50E-08	0.768431189	TRUE
CREBL2	-0.146060483	0.000253677	0.007425853	0.29698712	TRUE
ATF7IP	0.125710887	1.73E-05	0.000788132	0.321159931	TRUE
PLBD1	-0.180151179	3.94E-07	2.71E-05	0.114092552	TRUE
ARHGDIB	-0.4421691	2.23E-12	6.00E-10	0.22094253	TRUE
DERA	-0.127948556	1.73E-05	0.000788132	0.060704008	TRUE
OVOS2	0.044739243	0.001180327	0.025038001	0.047775712	TRUE
RND1	0.094967886	9.47E-06	0.000461084	0.124184053	TRUE
TUBA1C	0.236666173	3.61E-09	4.14E-07	1.874091044	TRUE
SPATS2	0.11936763	0.000211034	0.006399638	0.197537635	TRUE
TMBIM6	-0.139507113	2.41E-05	0.001033134	1.181584865	TRUE
PFDN5	-0.054595983	0.002195905	0.039594034	1.95391749	TRUE
C12orf10	-0.085010446	0.002352795	0.041582397	0.073850356	TRUE
AAAS	-0.073048322	0.001173535	0.024956401	0.018042207	TRUE
ATP5G2	-0.070808605	0.002158339	0.039041281	1.969431211	TRUE
ZNF385A	-0.117740078	0.002660183	0.045727628	0.187261972	TRUE
CD63	-0.237276182	2.46E-09	3.12E-07	1.025750429	TRUE
RAB5B	0.191583088	4.03E-06	0.000220952	0.536597709	TRUE
RPS26	-0.107750551	0.000408564	0.010848734	2.373862086	TRUE
PA2G4	-0.157298655	3.70E-05	0.001491253	0.184365668	TRUE
MYL6	0.111917136	2.65E-12	6.91E-10	3.435689439	TRUE
ATP5B	-0.0957849	0.001575978	0.031314479	1.00947327	TRUE
CDK4	-0.112043775	0.002109511	0.038394608	0.105081985	TRUE
TSFM	-0.130679147	0.000184312	0.005731944	0.085190973	TRUE
GNS	-0.181267905	1.93E-05	0.000861092	0.137543342	TRUE
TMBIM4	-0.138435558	7.63E-05	0.002764889	0.202951788	TRUE
IRAK3	-0.12822703	3.43E-05	0.00140187	0.052322818	TRUE
DYRK2	0.062768168	0.000606973	0.015240875	0.07096318	TRUE
LYZ	-0.32786323	1.09E-05	0.000521071	0.951518986	TRUE
GLIPR1	-0.233086731	3.38E-08	3.05E-06	0.105422445	TRUE
PHLDA1	-0.143617202	0.000231239	0.006839911	0.067960799	TRUE
NAP1L1	0.290901062	7.82E-20	1.10E-16	1.715057453	TRUE
PAWR	0.032215447	8.52E-05	0.003040963	0.02846993	TRUE
NDUFA12	-0.243531745	1.94E-08	1.87E-06	0.257279939	TRUE
ARPC3	-0.268948635	1.21E-13	4.55E-11	1.189070525	TRUE
NAA25	0.148986115	0.000180384	0.005658172	0.334699008	TRUE
RAB35	0.075669349	0.001367047	0.028111404	0.170895081	TRUE
COX6A1	-0.059631141	0.002290556	0.040755955	1.471734584	TRUE
P2RX7	-0.141423398	4.63E-05	0.001819051	0.034892018	TRUE
DENR	-0.086690841	0.002853224	0.048456214	0.091510999	TRUE
VPS37B	-0.101285896	0.000292952	0.008330951	0.046421553	TRUE
USP12	0.147487005	0.000310727	0.008748349	0.623921818	TRUE
RPL21	0.077493147	1.12E-05	0.000533877	2.728747929	TRUE
FLT3	0.229547905	9.55E-08	7.86E-06	0.770767383	TRUE
HMGB1	-0.15204863	3.14E-05	0.001288083	0.919485545	TRUE
ALOX5AP	-0.525818404	1.93E-16	1.42E-13	0.071466748	TRUE
WBP4	-0.110399632	0.001094256	0.023787368	0.170890209	TRUE
RGCC	-0.221042526	0.001164041	0.024816774	0.179563816	TRUE
ENOX1	0.130128398	7.70E-05	0.002782075	0.262864633	TRUE
LACC1	0.066444616	0.002645039	0.045513473	0.079718535	TRUE
KIAA0226L	0.266027163	1.60E-13	5.75E-11	0.249111002	TRUE
ITM2B	-0.176433567	7.04E-11	1.36E-08	1.914015753	TRUE
LPAR6	-0.087465319	5.84E-05	0.002217676	0.007677701	TRUE
TBC1D4	0.284887887	8.54E-10	1.21E-07	1.012939718	TRUE
MBNL2	0.186272931	6.97E-05	0.002562324	0.686192143	TRUE
UBAC2	-0.143546794	4.49E-05	0.001768327	0.091009252	TRUE
GPR183	-0.21915165	3.37E-05	0.001377813	1.481823483	TRUE
EFNB2	0.05856944	9.18E-06	0.000451771	0.054500954	TRUE
RAB20	-0.15550841	0.000734905	0.01763496	0.104837085	TRUE
LAMP1	-0.247061203	1.96E-09	2.52E-07	0.192996778	TRUE
GAS6	-0.145092882	0.001031961	0.022774351	0.211430771	TRUE
OSGEP	-0.07289843	0.000868392	0.019782755	0.042175192	TRUE
APEX1	-0.154039451	2.26E-05	0.000983141	0.212875232	TRUE
RNASE6	-0.171433524	0.000354899	0.009659693	0.070990442	TRUE
NDRG2	-0.137154184	1.59E-06	9.51E-05	0.015378952	TRUE
DAD1	-0.126264276	0.001600504	0.03163521	0.457180981	TRUE
OXA1L	-0.119144508	0.002550156	0.044285453	0.525117296	TRUE
SLC7A7	-0.141496459	2.18E-07	1.65E-05	0.041285814	TRUE
MMP14	-0.107876314	9.85E-05	0.003446871	0.022463334	TRUE
HAUS4	-0.118896765	0.000195554	0.006026254	0.121747757	TRUE
C14orf119	-0.111349017	0.000920376	0.020606934	0.199649482	TRUE
DHRS4L2	-0.050755219	0.000827533	0.019213495	0.003042509	TRUE
ARHGAP5	0.084672967	0.000528124	0.013603617	0.138266067	TRUE
NFKBIA	-0.156390671	4.75E-06	0.000256434	2.343886653	TRUE
NIN	0.135595291	0.000126093	0.004240389	0.347825593	TRUE
GNG2	-0.193482241	1.76E-05	0.000796279	0.199678071	TRUE
DAAM1	0.223857985	1.56E-08	1.53E-06	0.377906074	TRUE
RTN1	-0.112515538	0.000418185	0.011040202	0.041713764	TRUE
HIF1A	-0.219677365	3.71E-06	0.000206264	0.433863504	TRUE
EIF2S1	-0.127968634	0.000630199	0.015615863	0.145188937	TRUE
DNAL1	0.045013665	0.002956693	0.049567753	0.054249799	TRUE
PNMA1	0.286016281	2.85E-14	1.30E-11	0.350829639	TRUE
NPC2	-0.129197109	0.000116264	0.003941127	1.463066555	TRUE
FCF1	-0.06434548	0.001496033	0.0299801	0.01772541	TRUE
CALM1	-0.180249266	1.18E-05	0.000560681	1.269247784	TRUE
SLC24A4	0.03471229	0.000831934	0.019289259	0.042318408	TRUE
RIN3	-0.147574258	0.000288809	0.008236591	0.154324746	TRUE
SERPINA1	-0.562591606	9.18E-22	2.22E-18	0.181737181	TRUE
DICER1	-0.088482562	0.001371652	0.028111404	0.046427538	TRUE
SLC25A29	0.158951822	3.66E-06	0.000204607	0.24544035	TRUE
TNFAIP2	-0.187675298	0.000173169	0.005506657	0.82116731	TRUE
CKB	0.395947419	6.22E-10	8.93E-08	0.608541405	TRUE
SIVA1	-0.117604749	0.002117894	0.038406826	0.312485532	TRUE
PLD4	-0.233504338	2.40E-10	3.84E-08	0.019727917	TRUE
IGHV6-1	0.021267149	0.001304044	0.027019862	0.014850453	TRUE
MTMR10	0.10089236	0.000202579	0.006186501	0.17269187	TRUE
NOP10	-0.198330753	2.19E-06	0.00012783	0.333045867	TRUE
SPRED1	-0.09047872	0.001950131	0.036273366	0.025296505	TRUE
THBS1	-0.328045129	5.31E-07	3.54E-05	0.011511188	TRUE
B2M	0.063809755	1.43E-13	5.28E-11	5.25293869	TRUE
C15orf48	-0.457226098	3.02E-09	3.60E-07	0.84768474	TRUE
SQRDL	-0.190844366	6.52E-06	0.000340415	0.258789731	TRUE
MYEF2	0.115449126	7.47E-08	6.30E-06	0.11631978	TRUE
FBN1	0.054885524	0.000325029	0.009069169	0.051175891	TRUE
GABPB1	0.131612625	0.001917477	0.036004045	0.423030942	TRUE
ANXA2	-0.15822724	0.000293487	0.008332175	1.235871842	TRUE
RPS27L	0.329653662	1.58E-17	1.49E-14	2.021263909	TRUE
RAB8B	0.312148438	3.49E-14	1.56E-11	1.261986784	TRUE
FAM96A	-0.11492222	0.00285907	0.048506889	0.483752604	TRUE
RPLP1	0.052391506	1.08E-07	8.70E-06	4.273930312	TRUE
HEXA	-0.178867504	3.81E-07	2.68E-05	0.075689019	TRUE
UBL7	-0.133412305	0.000611484	0.015331413	0.201690395	TRUE
CTSH	-0.19579482	1.49E-09	1.92E-07	1.60980647	TRUE
ARNT2	0.081398172	2.65E-05	0.001113449	0.08210331	TRUE
IL16	-0.078970715	9.43E-05	0.003321165	0.011434336	TRUE
WHAMM	0.167072446	1.70E-05	0.000777972	0.421930198	TRUE
TM6SF1	-0.09778807	0.000891446	0.020122091	0.035184544	TRUE
SEC11A	-0.126860892	3.88E-05	0.001560094	0.907188542	TRUE
IDH2	-0.137975588	0.002276219	0.040596853	0.24163257	TRUE
CIB1	-0.204861575	2.06E-06	0.000121037	0.485554943	TRUE
FAM174B	0.102038995	1.79E-05	0.000805744	0.114648303	TRUE
FAM195A	-0.047510617	0.002803255	0.047799165	0.016949191	TRUE
NDUFB10	-0.12741609	0.001277293	0.026628336	0.388701688	TRUE
PDPK1	0.113599519	0.000861246	0.019678304	0.337811591	TRUE
TXNDC11	0.120863474	0.001604969	0.03166777	0.445187767	TRUE
ZC3H7A	0.112301553	0.002717182	0.046471761	0.506697409	TRUE
IGSF6	-0.379315503	2.53E-15	1.48E-12	0.079993721	TRUE
PRKCB	-0.109350161	0.001380348	0.028176081	0.087298634	TRUE
ARHGAP17	0.096310184	0.000884609	0.020071265	0.192717364	TRUE
SPN	-0.097324866	0.000408944	0.010848734	0.056272487	TRUE
TMEM219	-0.147438327	0.000127466	0.004261186	0.571242237	TRUE
ALDOA	-0.153444689	1.68E-05	0.000769769	1.239178732	TRUE
YPEL3	-0.14074519	3.61E-05	0.001465144	0.104959363	TRUE
BCKDK	-0.113991854	0.001042771	0.022930666	0.117571266	TRUE
PYCARD	-0.26115919	2.46E-11	5.35E-09	0.040967609	TRUE
ITGAX	-0.191758773	2.30E-08	2.14E-06	0.036590757	TRUE
LPCAT2	-0.11401338	2.46E-05	0.001046132	0.033093922	TRUE
MT2A	-0.782060478	2.74E-24	1.16E-20	0.419442873	TRUE
MT1E	-0.117796127	0.001456991	0.029398268	0.032264474	TRUE
MT1F	-0.088868061	8.62E-05	0.003064659	0.010355294	TRUE
MT1X	-0.158430495	2.57E-05	0.001089688	0.052770671	TRUE
NLRC5	0.095207012	2.31E-05	0.000994427	0.129332594	TRUE
CCL17	-0.575873566	6.96E-11	1.36E-08	0.812211362	TRUE
KIFC3	-0.039735337	0.002103228	0.038357745	0	TRUE
CKLF	-0.138041502	4.48E-05	0.001768327	0.053377645	TRUE
CMTM3	-0.086175564	0.001207098	0.025541962	0.039461481	TRUE
PSMB10	-0.134827723	0.000741115	0.017711718	0.726322519	TRUE
WWP2	0.07423777	0.001552731	0.030891059	0.133149864	TRUE
VAC14	0.298569843	1.40E-12	3.95E-10	0.585279999	TRUE
ZNRF1	0.080565201	0.000890258	0.020122091	0.163101196	TRUE
GABARAPL2	0.10559481	0.000793076	0.018721235	1.849555757	TRUE
CMC2	-0.10860747	0.001618929	0.031869029	0.134511211	TRUE
COTL1	-0.076798178	0.002887593	0.048844127	2.107691053	TRUE
IRF8	0.212558722	0.001360131	0.028044843	0.796696401	TRUE
CYBA	-0.337884154	1.48E-21	3.13E-18	1.344312104	TRUE
APRT	-0.182935464	8.15E-06	0.000411063	0.777595362	TRUE
SLC43A2	-0.117457402	0.002400119	0.042198781	0.178190634	TRUE
VMO1	0.215339918	0.001016811	0.022498596	0.624999378	TRUE
PFN1	0.046617648	7.31E-05	0.002674158	3.748015213	TRUE
ENO3	0.302172373	2.08E-12	5.69E-10	0.366871184	TRUE
SCIMP	-0.09795893	4.43E-06	0.000241157	0.007243823	TRUE
XAF1	-0.135870943	1.90E-05	0.000851547	0.039681901	TRUE
CLEC10A	-0.371448563	1.36E-15	8.20E-13	0.020871574	TRUE
TNFSF12	-0.167650936	4.10E-07	2.80E-05	0.076483636	TRUE
TNFSF13	-0.203011478	1.24E-07	9.75E-06	0.067170305	TRUE
CD68	-0.307046348	6.55E-07	4.26E-05	0.295266659	TRUE
UBB	0.069398511	0.001699268	0.032814379	2.118960169	TRUE
MAP2K3	-0.188132423	2.96E-05	0.001233658	0.156595576	TRUE
VTN	-0.12607217	0.000906546	0.020351053	0.070386109	TRUE
RAB11FIP4	0.091048153	0.001120167	0.024124162	0.151269733	TRUE
CCL3	-0.200503984	0.000101464	0.003509623	0.023741568	TRUE
CCL4L2	-0.230983397	0.001819732	0.034576951	0.11555463	TRUE
C17orf96	0.111613099	0.002992757	0.049970914	0.264711535	TRUE
CCR7	0.194269686	9.19E-10	1.28E-07	3.049380886	TRUE
EIF1	0.043746989	0.001733007	0.033227078	3.338403221	TRUE
RAMP2	0.10741852	0.000211068	0.006399638	0.123028534	TRUE
COA3	-0.1035822	0.001716856	0.033029504	0.117759836	TRUE
IFI35	-0.150694112	0.000747972	0.017830355	0.113901336	TRUE
SLC25A39	-0.118242749	0.001736917	0.033264414	0.521643153	TRUE
CTD-2020K17.1	0.127267362	0.000278491	0.008054855	0.308468457	TRUE
GNGT2	-0.045445814	0.001461715	0.029426987	0.003273227	TRUE
ABI3	-0.085733395	0.001105094	0.023921112	0.021077912	TRUE
MRPL27	-0.10266282	0.000370592	0.010001863	0.086898936	TRUE
RP11-670E13.6	-0.066444515	0.001639228	0.032038333	0.005899483	TRUE
SCPEP1	-0.193871	1.21E-07	9.57E-06	0.080433209	TRUE
ERN1	0.160938257	1.33E-05	0.00062415	0.495813218	TRUE
MILR1	-0.068682611	0.000625829	0.015530262	0.021231227	TRUE
ABCA5	0.070250905	6.96E-05	0.002562324	0.076748366	TRUE
TTYH2	0.213170633	1.34E-06	8.11E-05	0.673314393	TRUE
CD300A	-0.135732006	8.43E-06	0.000421677	0.028393263	TRUE
CD300C	-0.076108272	0.00020651	0.006295202	0.003525463	TRUE
HN1	0.262696583	3.39E-09	3.96E-07	1.355199851	TRUE
SPHK1	-0.11299591	0.000334356	0.009244688	0.0493224	TRUE
RHBDF2	-0.255564463	2.37E-10	3.82E-08	0.09114413	TRUE
SEPT9	-0.092622298	0.002469985	0.043203072	0.092534952	TRUE
C17orf99	0.026486182	0.000812798	0.018923231	0.026534582	TRUE
CYTH1	0.145021563	0.000356329	0.009678571	0.978397108	TRUE
LGALS3BP	-0.108798804	4.17E-05	0.00167243	0.031785864	TRUE
ACTG1	0.057245018	0.000143378	0.004688763	3.61384859	TRUE
SLC16A3	-0.148615985	0.002124237	0.038465489	0.349461917	TRUE
SECTM1	-0.059754345	0.002515197	0.043903263	0.008824095	TRUE
MYL12A	-0.1318544	0.001635545	0.032038333	1.329319955	TRUE
EPB41L3	-0.207833395	5.71E-07	3.77E-05	0.135262886	TRUE
VAPA	-0.180635259	2.32E-06	0.000134614	0.642830092	TRUE
TUBB6	0.198838207	2.22E-05	0.000966609	1.020688074	TRUE
DSC2	-0.131703192	0.001951815	0.036273366	0.31695043	TRUE
PSTPIP2	-0.153406974	7.43E-06	0.000381413	0.037244511	TRUE
MEX3C	0.065638491	0.000533209	0.013686027	0.078707452	TRUE
TXNL1	0.171580853	1.38E-05	0.000644704	0.75880621	TRUE
MALT1	0.137631521	0.002111262	0.038394608	0.931022701	TRUE
PMAIP1	0.17762912	0.001044857	0.022939486	0.904011181	TRUE
TNFRSF11A	0.142132952	0.000347235	0.009498143	0.410576319	TRUE
TSHZ1	0.078407815	0.002371167	0.04179922	0.146337716	TRUE
FKBP1A	-0.237924006	3.80E-08	3.36E-06	0.653696164	TRUE
TMX4	-0.107200487	0.000167885	0.005358722	0.052819056	TRUE
XRN2	-0.121439927	0.001244468	0.026104555	0.214415183	TRUE
CD93	-0.056478293	0.00250202	0.043718287	0.007119879	TRUE
ACSS2	0.081588479	0.001011098	0.022401439	0.126549896	TRUE
ERGIC3	-0.15786535	5.46E-05	0.002114371	0.341337757	TRUE
SAMHD1	-0.246365867	2.70E-09	3.29E-07	0.080151957	TRUE
TGM2	-0.085718181	0.001691711	0.032731514	0.018613163	TRUE
MAFB	-0.344829411	8.80E-12	2.07E-09	0.07060174	TRUE
YWHAB	-0.107835329	0.000301753	0.008509827	1.148419096	TRUE
TOMM34	0.152981694	0.000192718	0.00594969	0.629948378	TRUE
STK4	0.114137801	0.000127277	0.004261186	1.751969246	TRUE
SDC4	-0.169883276	0.000126365	0.004241115	0.177107207	TRUE
SYS1	-0.105628332	0.000799168	0.0187972	0.123586431	TRUE
CTSA	-0.219894294	1.77E-07	1.37E-05	0.144050326	TRUE
MMP9	-0.160233781	0.001111125	0.023990383	0.029631353	TRUE
EYA2	0.080130675	8.15E-06	0.000411063	0.074126156	TRUE
ZFAS1	0.10316871	0.000599197	0.015090328	1.907641397	TRUE
CEBPB	-0.193965432	2.82E-05	0.001181083	0.15269155	TRUE
PMEPA1	-0.07174503	0.000646612	0.015919372	0.014619969	TRUE
RPS21	0.105535262	2.07E-08	1.96E-06	2.712483868	TRUE
SLCO4A1	-0.05209684	0.000785559	0.01858803	0.001940572	TRUE
RGS19	-0.126173633	6.39E-05	0.002384662	0.098499449	TRUE
KISS1R	0.050754482	4.32E-05	0.001714338	0.042478268	TRUE
ATP5D	-0.135199795	0.000364736	0.009859511	0.74388861	TRUE
IZUMO4	0.272765763	1.90E-11	4.29E-09	0.344201088	TRUE
EBI3	-0.339008185	1.04E-09	1.41E-07	1.14895035	TRUE
SEMA6B	-0.076003421	0.000457892	0.012069699	0.008512346	TRUE
AC024592.12	0.021187052	0.000915121	0.020516384	0.015913055	TRUE
C3	-0.067228086	0.000621215	0.015483785	0.003922765	TRUE
STXBP2	-0.128105938	0.001779879	0.033972046	0.370416657	TRUE
TRAPPC5	-0.170627129	1.50E-05	0.000700724	0.215125962	TRUE
RPS28	0.052318384	3.55E-05	0.001446618	3.531903098	TRUE
MARCH2	-0.114212954	0.001842617	0.034933461	0.147390813	TRUE
DNMT1	-0.127783023	0.000513814	0.013255152	0.102376158	TRUE
ICAM1	-0.191654696	0.001097854	0.023794796	0.674891749	TRUE
CDC37	-0.121600303	0.000734483	0.01763496	0.897412291	TRUE
TMEM205	-0.097575567	0.000562836	0.014366728	0.056661687	TRUE
ACP5	-0.128520534	0.000224477	0.006722026	0.037171416	TRUE
MAN2B1	-0.156211923	0.000873736	0.019877784	0.447421002	TRUE
TRMT1	-0.086867401	0.001124269	0.024181769	0.050102555	TRUE
IL27RA	-0.108229715	0.002309578	0.040946691	0.054323702	TRUE
CTC-548K16.1	0.040593605	0.000613494	0.015343039	0.032364289	TRUE
ADGRE5	-0.267070044	1.04E-09	1.41E-07	0.090383136	TRUE
NDUFB7	-0.14429039	0.000281271	0.0081214	0.306608351	TRUE
ADGRE2	-0.135237365	5.77E-07	3.79E-05	0.02176556	TRUE
HSH2D	0.129914638	0.001375297	0.028118097	0.255945236	TRUE
CIB3	0.070931652	6.76E-07	4.36E-05	0.056434468	TRUE
OCEL1	-0.077148016	0.000952448	0.021240846	0.034510927	TRUE
KCNN1	0.188636286	8.77E-07	5.51E-05	0.306801923	TRUE
ARRDC2	-0.158294942	5.85E-05	0.002217676	0.13133445	TRUE
IFI30	-0.180439751	0.000202515	0.006186501	0.825901094	TRUE
FXYD5	-0.26600478	9.05E-08	7.52E-06	0.442854723	TRUE
USF2	-0.134612319	0.000311511	0.008755881	0.158945629	TRUE
HCST	-0.336251215	4.49E-12	1.12E-09	0.167163607	TRUE
TYROBP	-0.344416187	3.99E-30	6.75E-26	2.111011001	TRUE
TBCB	0.16218138	8.40E-06	0.000421285	1.021351408	TRUE
SIPA1L3	0.060282565	0.000812421	0.018923231	0.098964041	TRUE
YIF1B	-0.118148784	0.000111921	0.003824492	0.092626607	TRUE
EIF3K	-0.168036083	2.98E-07	2.16E-05	1.073911838	TRUE
FBXO17	0.079484824	2.48E-07	1.83E-05	0.071791197	TRUE
FBXO27	0.4355285	2.18E-23	7.38E-20	0.476417687	TRUE
GMFG	-0.246276686	9.79E-09	9.94E-07	0.193715372	TRUE
SNRPA	-0.149141325	0.000147805	0.004780824	0.273149854	TRUE
AXL	-0.118974743	0.000136547	0.004511386	0.031060217	TRUE
TGFB1	-0.299712852	7.22E-09	7.65E-07	0.236805392	TRUE
BCKDHA	-0.104622265	0.001331866	0.027562628	0.108281806	TRUE
CEACAM4	-0.102406239	2.29E-05	0.000989419	0.006545499	TRUE
LYPD3	-0.243168507	1.05E-06	6.50E-05	0.178638416	TRUE
ETHE1	-0.256309236	8.06E-09	8.33E-07	0.207551552	TRUE
PLAUR	-0.457329978	3.56E-10	5.44E-08	0.234768518	TRUE
APOC4-APOC2	-0.102191562	0.001890146	0.035674926	0.04296736	TRUE
CLASRP	0.10063909	0.001006027	0.022347511	0.258496663	TRUE
ZNF296	0.165410415	0.000111378	0.003813626	0.365085967	TRUE
VASP	-0.148135915	0.001177985	0.025019635	0.203385827	TRUE
PTGIR	-0.114897997	0.001615236	0.031833288	0.176725284	TRUE
AP2S1	-0.200393857	7.63E-07	4.86E-05	0.739500115	TRUE
C5AR1	-0.381399243	1.58E-10	2.68E-08	0.206603808	TRUE
EMP3	-0.282566825	4.66E-08	4.03E-06	0.624424299	TRUE
HSD17B14	0.049464994	0.002390316	0.042070059	0.079472468	TRUE
FTL	-0.144166969	5.61E-06	0.000298791	2.918889177	TRUE
TRPM4	-0.083438216	0.001595133	0.031620944	0.064231638	TRUE
CD37	-0.156602932	0.000657309	0.016145979	0.589895111	TRUE
FCGRT	-0.200296742	8.50E-06	0.000422652	0.100336108	TRUE
ATF5	-0.191132173	0.000146999	0.004763849	0.625429259	TRUE
JOSD2	-0.154326981	0.00017946	0.005653657	0.244717388	TRUE
SIGLEC9	-0.045482976	0.000691599	0.016817668	0	TRUE
CD33	-0.065305285	0.000732029	0.017623808	0.013492009	TRUE
ETFB	-0.132960132	0.000278085	0.008054855	0.167856148	TRUE
FPR1	-0.383455527	1.26E-15	7.89E-13	0.035503744	TRUE
FPR2	-0.093170836	0.000864892	0.019729548	0.01846233	TRUE
FPR3	-0.183156029	6.82E-09	7.45E-07	0.013574697	TRUE
LILRB3	-0.132021674	1.23E-06	7.47E-05	0.028652956	TRUE
LILRB2	-0.306814279	7.37E-11	1.40E-08	0.132584331	TRUE
LAIR1	-0.111541459	2.16E-05	0.000942772	0.005573693	TRUE
LILRB1	-0.132862184	1.90E-06	0.000111783	0.013939164	TRUE
LILRB4	-0.223608415	1.36E-07	1.06E-05	0.085403167	TRUE
RPS4Y1	-0.186402788	0.000639795	0.015807422	0.187873511	TRUE
DDX3Y	-0.100115243	0.001629337	0.031999579	0.054930246	TRUE
BID	0.303055794	3.23E-08	2.92E-06	0.818646466	TRUE
COMT	-0.154012994	5.60E-05	0.002151735	0.349584432	TRUE
IGLV4-69	-0.053777753	0.001674004	0.032463044	0.03159509	TRUE
IGLV1-44	-0.14097528	0.001358791	0.028044843	0.092538258	TRUE
ZNF280B	0.036833001	0.001847548	0.034987802	0.031482047	TRUE
IGLV2-14	-0.145542984	0.001940286	0.036257888	0.110800619	TRUE
IGLV2-8	-0.080037877	0.001435	0.028989047	0.030030503	TRUE
CHCHD10	-0.199760065	1.61E-05	0.000745685	0.406812011	TRUE
MIF	-0.132875837	0.000323073	0.009035908	1.307996639	TRUE
GGT5	-0.072853357	0.000180528	0.005658172	0.01394191	TRUE
ADORA2A	0.159968126	0.000137312	0.004527836	0.508004018	TRUE
SNRPD3	-0.110290766	0.002938281	0.049398104	0.520881306	TRUE
OSM	-0.093117217	0.001280732	0.026667233	0.013411394	TRUE
TCN2	-0.096505407	0.000157535	0.005076167	0.022705322	TRUE
APOL6	-0.101623117	0.000134516	0.004461665	0.024539223	TRUE
NCF4	-0.147249638	0.000403959	0.010782205	0.156660951	TRUE
RAC2	-0.140390802	4.20E-05	0.001676727	0.068181233	TRUE
TOMM22	-0.12716149	0.000846186	0.019433604	0.354789601	TRUE
APOBEC3B	0.101567989	2.08E-08	1.96E-06	0.085720238	TRUE
ATF4	0.141633256	0.000120324	0.004070588	0.888691452	TRUE
RPS19BP1	-0.17795435	1.16E-05	0.000551883	0.261749467	TRUE
ENTHD1	0.140466516	0.000214062	0.006478828	0.189456024	TRUE
GRAP2	0.0799007	6.72E-07	4.35E-05	0.075574571	TRUE
RANGAP1	0.104578816	0.000217148	0.006548831	0.229267875	TRUE
PHF5A	-0.113432854	0.002067382	0.037844279	0.21953029	TRUE
SNU13	-0.157723273	5.37E-05	0.002088084	0.332579613	TRUE
NAGA	-0.106723604	0.002372461	0.04179922	0.084876004	TRUE
SMDT1	-0.130292421	0.000594122	0.015029507	0.532394768	TRUE
BIK	0.041646374	0.0006245	0.015530262	0.033017636	TRUE
TSPO	-0.142606288	0.001918205	0.036004045	0.539118821	TRUE
PARVB	-0.158617028	3.00E-05	0.001241914	0.195657489	TRUE
CERK	-0.073010104	0.001461887	0.029426987	0.042120804	TRUE
CTA-29F11.1	-0.0831563	0.001963491	0.036410514	0.072278581	TRUE
NRIP1	0.089149532	0.002054529	0.037768122	0.248036153	TRUE
AJ006998.2	0.099393451	0.000348978	0.009524696	0.115050609	TRUE
ATP5J	-0.128894276	0.000997925	0.022196622	0.606970856	TRUE
CYYR1	0.056366683	0.002239445	0.04020801	0.062404898	TRUE
SOD1	0.150389105	0.000467954	0.012315772	0.880973159	TRUE
TMEM50B	0.118392692	0.000183141	0.005716507	0.236317591	TRUE
PIGP	-0.114389409	0.001058498	0.023208904	0.134724371	TRUE
ETS2	-0.244038715	1.01E-06	6.30E-05	0.484719224	TRUE
FAM3B	0.031732465	0.001642027	0.032038333	0.026349607	TRUE
C2CD2	0.040263508	0.002543014	0.04424724	0.06414105	TRUE
PDXK	-0.107537646	0.001629132	0.031999579	0.09602524	TRUE
ITGB2	-0.291980159	6.70E-06	0.000348263	0.377182195	TRUE
MT-CO1	-0.050923762	0.000201571	0.00617799	4.166703765	TRUE
MT-ND5	-0.098766574	0.001136377	0.024380313	1.921181806	TRUE
